ID,DATE,SABLE,GROUP,WELL_NAME,Location,Analyte,Unk_Dilution,Sample_ID,Fit,Avg_Result,Message,Result_SD,Result_CV,Avg_MFI,MFI_CV,MFI_SD
3725,2/18/25,Peak obesity,Restricted,A11 A12,A11 A12,Amylin,1,3725 (2/18),4PL,105.14,,27.59,26.20%,3761.93,11.60%,436.84
3721,2/13/25,Peak obesity,Restricted,A5 A6,A5 A6,Amylin,1,3721 (2/13),4PL,76.04,,2.72,3.60%,3328.67,1.00%,33.78
3717,2/11/25,Peak obesity,Ad libitum,A7 A8,A7 A8,Amylin,1,3717 (2/11),4PL,128.77,,15.81,12.30%,4152.79,7.00%,291.95
3729,2/18/25,Peak obesity,Restricted,A9 A10,A9 A10,Amylin,1,3729 (2/18),4PL,172.5,,7.36,4.30%,5055.49,3.30%,169.19
3725,3/25/25,BW loss,Restricted,B11 B12,B11 B12,Amylin,1,3725 (3/25),4PL,91.4,,3.11,3.40%,3533.69,1.30%,44.39
3721,4/9/25,BW loss,Restricted,B5 B6,B5 B6,Amylin,1,3721 (4/9),4PL,88.12,,28.02,31.80%,3510.65,11.10%,388.06
3717,3/25/25,BW loss,Ad libitum,B7 B8,B7 B8,Amylin,1,3717 (3/25),4PL,114.42,,3.86,3.40%,3892.76,1.70%,65.28
3729,3/25/25,BW loss,Restricted,B9 B10,B9 B10,Amylin,1,3729 (3/25),4PL,131.96,,19.48,14.80%,4215.82,8.70%,366.27
3708,2/13/25,Peak obesity,Restricted,C11 C12,C11 C12,Amylin,1,3708 (2/13),4PL,175.08,,84.05,48.00%,5290.06,36.80%,1947.21
3718,2/13/25,Peak obesity,Ad libitum,C3 C4,C3 C4,Amylin,1,3718 (2/13),4PL,71.77,,12.33,17.20%,3281.25,4.50%,146.35
3714,2/13/25,Peak obesity,Restricted,C5 C6,C5 C6,Amylin,1,3714 (2/13),4PL,124.65,,8.69,7.00%,4072.96,3.80%,156.62
3719,2/13/25,Peak obesity,Ad libitum,C7 C8,C7 C8,Amylin,1,3719 (2/13),4PL,127.11,,27.25,21.40%,4135.66,12.00%,498.04
3726,2/13/25,Peak obesity,Ad libitum,C9 C10,C9 C10,Amylin,1,3726 (2/13),4PL,170.21,,23.11,13.60%,5015.23,10.50%,526.09
3708,4/1/25,BW loss,Restricted,D11 D12,D11 D12,Amylin,1,3708 (4/1),4PL,276.97,,131.7,47.60%,8353.71,51.30%,4288.21
3718,3/25/25,BW loss,Ad libitum,D3 D4,D3 D4,Amylin,1,3718 (3/25),4PL,81.76,,15.19,18.60%,3408.42,5.80%,199.1
3714,4/9/25,BW loss,Restricted,D5 D6,D5 D6,Amylin,1,3714 (4/9),4PL,189.05,,4.73,2.50%,5448.86,2.10%,116.59
3719,3/25/25,BW loss,Ad libitum,D7 D8,D7 D8,Amylin,1,3719 (3/25),4PL,145.57,,14.51,10.00%,4477,6.60%,293.82
3726,3/25/25,BW loss,Ad libitum,D9 D10,D9 D10,Amylin,1,3726 (3/25),4PL,408.87,,96.07,23.50%,13186.08,31.60%,4164.52
3724,2/18/25,Peak obesity,Restricted,E11 E12,E11 E12,Amylin,1,3724 (2/18),4PL,108.44,,21.97,20.30%,3806.94,9.40%,356.23
3716,2/11/25,Peak obesity,Ad libitum,E3 E4,E3 E4,Amylin,1,3716 (2/11),4PL,118.57,,10.46,8.80%,3966.38,4.60%,181.55
3722,2/13/25,Peak obesity,Restricted,E5 E6,E5 E6,Amylin,1,3722 (2/13),4PL,94.72,,6.5,6.90%,3582.55,2.70%,95.19
3706,2/11/25,Peak obesity,Ad libitum,E7 E8,E7 E8,Amylin,1,3706 (2/11),4PL,103.92,,9.1,8.80%,3723.39,3.80%,142.9
3723,2/18/25,Peak obesity,Restricted,E9 E10,E9 E10,Amylin,1,3723 (2/18),4PL,154.36,,6.47,4.20%,4654.5,2.90%,136.92
3724,3/25/25,BW loss,Restricted,F11 F12,F11 F12,Amylin,1,3724 (3/25),4PL,79.78,,17.75,22.30%,3385.25,6.70%,228.31
3716,3/25/25,BW loss,Ad libitum,F3 F4,F3 F4,Amylin,1,3716 (3/25),4PL,117.76,,13.84,11.80%,3954.59,6.00%,238.89
3722,4/1/25,BW loss,Restricted,F5 F6,F5 F6,Amylin,1,3722 (4/1),4PL,161.59,,28.67,17.70%,4830.13,13.00%,627.63
3706,3/25/25,BW loss,Ad libitum,F7 F8,F7 F8,Amylin,1,3706 (3/25),4PL,127.84,,14.89,11.60%,4134.91,6.60%,273.41
3723,3/25/25,BW loss,Restricted,F9 F10,F9 F10,Amylin,1,3723 (3/25),4PL,134.71,,1.84,1.40%,4257.87,0.80%,35.08
3728,2/18/25,Peak obesity,Restricted,G11 G12,G11 G12,Amylin,1,3728 (2/18),4PL,225.74,,53.54,23.70%,6482.88,23.20%,1503.8
3713,2/11/25,Peak obesity,Ad libitum,G3 G4,G3 G4,Amylin,1,3713 (2/11),4PL,84.54,,11.34,13.40%,3442.22,4.40%,152.5
3709,2/11/25,Peak obesity,Ad libitum,G5 G6,G5 G6,Amylin,1,3709 (2/11),4PL,139.83,,40.34,28.90%,4399.9,18.00%,791.61
3711,2/11/25,Peak obesity,Ad libitum,G7 G8,G7 G8,Amylin,1,3711 (2/11),4PL,149.09,,7.52,5.00%,4544.78,3.40%,155.1
3707,2/11/25,Peak obesity,Ad libitum,G9 G10,G9 G10,Amylin,1,3707 (2/11),4PL,202.68,,11.49,5.70%,5796.22,5.10%,298.19
3728,3/25/25,BW loss,Restricted,H11 H12,H11 H12,Amylin,1,3728 (3/25),4PL,165.28,,21.69,13.10%,4902.66,9.90%,483.16
3713,3/25/25,BW loss,Ad libitum,H3 H4,H3 H4,Amylin,1,3713 (3/25),4PL,127.64,,13.39,10.50%,4130.2,5.90%,245.69
3709,3/25/25,BW loss,Ad libitum,H5 H6,H5 H6,Amylin,1,3709 (3/25),4PL,118.67,,4.35,3.70%,3965.59,1.90%,75.53
3711,3/25/25,BW loss,Ad libitum,H7 H8,H7 H8,Amylin,1,3711 (3/25),4PL,330.27,,21.8,6.60%,9849.94,8.20%,811.06
3707,3/25/25,BW loss,Ad libitum,H9 H10,H9 H10,Amylin,1,3707 (3/25),4PL,170.14,,16.57,9.70%,5007.08,7.50%,377.16
3725,2/18/25,Peak obesity,Restricted,A11 A12,A11 A12,C-peptide,1,3725 (2/18),4PL,2903.55,,266.75,9.20%,69542.17,11.10%,7698.58
3721,2/13/25,Peak obesity,Restricted,A5 A6,A5 A6,C-peptide,1,3721 (2/13),4PL,1310.45,,103.82,7.90%,25261.77,10.20%,2571.58
3717,2/11/25,Peak obesity,Ad libitum,A7 A8,A7 A8,C-peptide,1,3717 (2/11),4PL,1909.4,,205.21,10.70%,41125.77,13.80%,5693.64
3729,2/18/25,Peak obesity,Restricted,A9 A10,A9 A10,C-peptide,1,3729 (2/18),4PL,2686.34,,49.54,1.80%,63271.72,2.30%,1432.97
3725,3/25/25,BW loss,Restricted,B11 B12,B11 B12,C-peptide,1,3725 (3/25),4PL,1298.11,,255.84,19.70%,25054.79,25.20%,6305.54
3721,4/9/25,BW loss,Restricted,B5 B6,B5 B6,C-peptide,1,3721 (4/9),4PL,1096.19,,59.53,5.40%,20117.08,6.80%,1373.65
3717,3/25/25,BW loss,Ad libitum,B7 B8,B7 B8,C-peptide,1,3717 (3/25),4PL,2102.77,,75.28,3.60%,46517.74,4.60%,2129.4
3729,3/25/25,BW loss,Restricted,B9 B10,B9 B10,C-peptide,1,3729 (3/25),4PL,1349.63,,49.43,3.70%,26223.11,4.70%,1238.06
3708,2/13/25,Peak obesity,Restricted,C11 C12,C11 C12,C-peptide,1,3708 (2/13),4PL,2140.29,,3.34,0.20%,47577.56,0.20%,94.63
3718,2/13/25,Peak obesity,Ad libitum,C3 C4,C3 C4,C-peptide,1,3718 (2/13),4PL,1752.26,,377.81,21.60%,36917.87,27.80%,10248.58
3714,2/13/25,Peak obesity,Restricted,C5 C6,C5 C6,C-peptide,1,3714 (2/13),4PL,2665.88,,294.59,11.10%,62682.95,13.60%,8514.37
3719,2/13/25,Peak obesity,Ad libitum,C7 C8,C7 C8,C-peptide,1,3719 (2/13),4PL,1951.65,,231.2,11.80%,42307.83,15.20%,6444.05
3726,2/13/25,Peak obesity,Ad libitum,C9 C10,C9 C10,C-peptide,1,3726 (2/13),4PL,1537.2,,247.85,16.10%,31110.51,20.80%,6480.81
3708,4/1/25,BW loss,Restricted,D11 D12,D11 D12,C-peptide,1,3708 (4/1),4PL,3683.59,,999.74,27.10%,91247.99,30.40%,27699.47
3718,3/25/25,BW loss,Ad libitum,D3 D4,D3 D4,C-peptide,1,3718 (3/25),4PL,1782.04,,597,33.50%,37935.6,42.70%,16205.43
3714,4/9/25,BW loss,Restricted,D5 D6,D5 D6,C-peptide,1,3714 (4/9),4PL,3040.7,,327.58,10.80%,73482.66,12.80%,9420.63
3719,3/25/25,BW loss,Ad libitum,D7 D8,D7 D8,C-peptide,1,3719 (3/25),4PL,2288.78,,362.3,15.80%,51859.81,20.00%,10358.35
3726,3/25/25,BW loss,Ad libitum,D9 D10,D9 D10,C-peptide,1,3726 (3/25),4PL,4539.85,,671.79,14.80%,114396.25,15.10%,17267.49
3724,2/18/25,Peak obesity,Restricted,E11 E12,E11 E12,C-peptide,1,3724 (2/18),4PL,1944.75,,203.35,10.50%,42106.86,13.50%,5664.72
3716,2/11/25,Peak obesity,Ad libitum,E3 E4,E3 E4,C-peptide,1,3716 (2/11),4PL,2503.07,,544.65,21.80%,58026.16,27.00%,15672.39
3722,2/13/25,Peak obesity,Restricted,E5 E6,E5 E6,C-peptide,1,3722 (2/13),4PL,1081.84,,173,16.00%,19846.38,20.00%,3966.01
3706,2/11/25,Peak obesity,Ad libitum,E7 E8,E7 E8,C-peptide,1,3706 (2/11),4PL,1271.76,,103.45,8.10%,24309.22,10.40%,2533.67
3723,2/18/25,Peak obesity,Restricted,E9 E10,E9 E10,C-peptide,1,3723 (2/18),4PL,1233.41,,77.69,6.30%,23367.22,8.00%,1880.66
3724,3/25/25,BW loss,Restricted,F11 F12,F11 F12,C-peptide,1,3724 (3/25),4PL,2238.37,,5.59,0.20%,50369.7,0.30%,159.5
3716,3/25/25,BW loss,Ad libitum,F3 F4,F3 F4,C-peptide,1,3716 (3/25),4PL,2738.59,,189.9,6.90%,64782.27,8.50%,5491.62
3722,4/1/25,BW loss,Restricted,F5 F6,F5 F6,C-peptide,1,3722 (4/1),4PL,2665.34,,104.35,3.90%,62664.43,4.80%,3018.11
3706,3/25/25,BW loss,Ad libitum,F7 F8,F7 F8,C-peptide,1,3706 (3/25),4PL,1295.6,,67.4,5.20%,24883.95,6.70%,1662.68
3723,3/25/25,BW loss,Restricted,F9 F10,F9 F10,C-peptide,1,3723 (3/25),4PL,1970.51,,80.96,4.10%,42799.29,5.30%,2262.61
3728,2/18/25,Peak obesity,Restricted,G11 G12,G11 G12,C-peptide,1,3728 (2/18),4PL,14096.51,,9111.72,64.60%,231738.35,31.10%,72016.34
3713,2/11/25,Peak obesity,Ad libitum,G3 G4,G3 G4,C-peptide,1,3713 (2/11),4PL,1987.32,,754.8,38.00%,43675.83,48.00%,20955.37
3709,2/11/25,Peak obesity,Ad libitum,G5 G6,G5 G6,C-peptide,1,3709 (2/11),4PL,1561.1,,80.43,5.20%,31663.19,6.70%,2115.78
3711,2/11/25,Peak obesity,Ad libitum,G7 G8,G7 G8,C-peptide,1,3711 (2/11),4PL,6257.81,,771.01,12.30%,154182.15,10.40%,15971.56
3707,2/11/25,Peak obesity,Ad libitum,G9 G10,G9 G10,C-peptide,1,3707 (2/11),4PL,1026.75,,23.77,2.30%,18530.09,2.90%,533.41
3728,3/25/25,BW loss,Restricted,H11 H12,H11 H12,C-peptide,1,3728 (3/25),4PL,1760.92,,153.8,8.70%,37031.57,11.30%,4186.3
3713,3/25/25,BW loss,Ad libitum,H3 H4,H3 H4,C-peptide,1,3713 (3/25),4PL,2466.01,,226.12,9.20%,56915.76,11.40%,6516.56
3709,3/25/25,BW loss,Ad libitum,H5 H6,H5 H6,C-peptide,1,3709 (3/25),4PL,1233.65,,79.84,6.50%,23373.55,8.30%,1932.87
3711,3/25/25,BW loss,Ad libitum,H7 H8,H7 H8,C-peptide,1,3711 (3/25),4PL,8933.35,,50.59,0.60%,200572.52,0.40%,709.8
3707,3/25/25,BW loss,Ad libitum,H9 H10,H9 H10,C-peptide,1,3707 (3/25),4PL,958.42,,36.85,3.80%,17021.69,4.70%,801.92
3725,2/18/25,Peak obesity,Restricted,A11 A12,A11 A12,Ghrelin,1,3725 (2/18),4PL,12.3,BLOQ,3.69,30.00%,3554.51,8.50%,301.66
3721,2/13/25,Peak obesity,Restricted,A5 A6,A5 A6,Ghrelin,1,3721 (2/13),4PL,4.57,BLOQ,1.07,23.40%,3019.5,1.80%,55.25
3717,2/11/25,Peak obesity,Ad libitum,A7 A8,A7 A8,Ghrelin,1,3717 (2/11),4PL,16,BLOQ,11.37,71.00%,3956.4,26.30%,1040.75
3729,2/18/25,Peak obesity,Restricted,A9 A10,A9 A10,Ghrelin,1,3729 (2/18),4PL,18.81,BLOQ,3.97,21.10%,4147.71,9.50%,396.02
3725,3/25/25,BW loss,Restricted,B11 B12,B11 B12,Ghrelin,1,3725 (3/25),4PL,12.53,BLOQ,4.01,32.00%,3575.3,9.30%,330.84
3721,4/9/25,BW loss,Restricted,B5 B6,B5 B6,Ghrelin,1,3721 (4/9),4PL,13.83,BLOQ,2.67,19.30%,3677.97,6.30%,230.73
3717,3/25/25,BW loss,Ad libitum,B7 B8,B7 B8,Ghrelin,1,3717 (3/25),4PL,10.45,BLOQ,2.66,25.40%,3404.11,5.90%,201.62
3729,3/25/25,BW loss,Restricted,B9 B10,B9 B10,Ghrelin,1,3729 (3/25),4PL,54.58,BLOQ,7.88,14.40%,8962.27,14.30%,1280.49
3708,2/13/25,Peak obesity,Restricted,C11 C12,C11 C12,Ghrelin,1,3708 (2/13),4PL,30.01,BLOQ,1.19,4.00%,5397.2,2.70%,147.19
3718,2/13/25,Peak obesity,Ad libitum,C3 C4,C3 C4,Ghrelin,1,3718 (2/13),4PL,11.46,BLOQ,0.81,7.10%,3477.2,1.90%,64.55
3714,2/13/25,Peak obesity,Restricted,C5 C6,C5 C6,Ghrelin,1,3714 (2/13),4PL,28.53,BLOQ,0.02,0.10%,5215.47,0.00%,2.14
3719,2/13/25,Peak obesity,Ad libitum,C7 C8,C7 C8,Ghrelin,1,3719 (2/13),4PL,16.92,BLOQ,0.62,3.70%,3953.75,1.50%,59.02
3726,2/13/25,Peak obesity,Ad libitum,C9 C10,C9 C10,Ghrelin,1,3726 (2/13),4PL,25.22,BLOQ,2.18,8.60%,4828.12,5.20%,249.06
3708,4/1/25,BW loss,Restricted,D11 D12,D11 D12,Ghrelin,1,3708 (4/1),4PL,38.3,BLOQ,8.07,21.10%,6512.77,17.10%,1116.74
3718,3/25/25,BW loss,Ad libitum,D3 D4,D3 D4,Ghrelin,1,3718 (3/25),4PL,11.45,BLOQ,1.34,11.70%,3477.49,3.00%,105.89
3714,4/9/25,BW loss,Restricted,D5 D6,D5 D6,Ghrelin,1,3714 (4/9),4PL,40.04,BLOQ,5.3,13.20%,6740.25,11.10%,748.91
3719,3/25/25,BW loss,Ad libitum,D7 D8,D7 D8,Ghrelin,1,3719 (3/25),4PL,32.56,BLOQ,5.55,17.00%,5732.8,12.40%,712.69
3726,3/25/25,BW loss,Ad libitum,D9 D10,D9 D10,Ghrelin,1,3726 (3/25),4PL,36.8,BLOQ,5.2,14.10%,6290.86,11.20%,706.48
3724,2/18/25,Peak obesity,Restricted,E11 E12,E11 E12,Ghrelin,1,3724 (2/18),4PL,23.95,BLOQ,1.97,8.20%,4684.84,4.70%,220.18
3716,2/11/25,Peak obesity,Ad libitum,E3 E4,E3 E4,Ghrelin,1,3716 (2/11),4PL,16.58,BLOQ,6.89,41.50%,3953.28,16.30%,645.85
3722,2/13/25,Peak obesity,Restricted,E5 E6,E5 E6,Ghrelin,1,3722 (2/13),4PL,21.16,BLOQ,4,18.90%,4388.18,9.60%,421.18
3706,2/11/25,Peak obesity,Ad libitum,E7 E8,E7 E8,Ghrelin,1,3706 (2/11),4PL,35.95,BLOQ,2.08,5.80%,6166.47,4.50%,279.68
3723,2/18/25,Peak obesity,Restricted,E9 E10,E9 E10,Ghrelin,1,3723 (2/18),4PL,21.03,BLOQ,0.06,0.30%,4365.24,0.10%,5.98
3724,3/25/25,BW loss,Restricted,F11 F12,F11 F12,Ghrelin,1,3724 (3/25),4PL,48.34,BLOQ,4.59,9.50%,7962.4,8.90%,706.34
3716,3/25/25,BW loss,Ad libitum,F3 F4,F3 F4,Ghrelin,1,3716 (3/25),4PL,17.12,BLOQ,5.85,34.20%,3995.05,14.00%,557.34
3722,4/1/25,BW loss,Restricted,F5 F6,F5 F6,Ghrelin,1,3722 (4/1),4PL,32.36,BLOQ,3.87,12.00%,5699.42,8.70%,496.13
3706,3/25/25,BW loss,Ad libitum,F7 F8,F7 F8,Ghrelin,1,3706 (3/25),4PL,43.48,BLOQ,5.61,12.90%,7235.59,11.40%,823.28
3723,3/25/25,BW loss,Restricted,F9 F10,F9 F10,Ghrelin,1,3723 (3/25),4PL,63.44,BLOQ,14.47,22.80%,10496.6,23.90%,2511.37
3728,2/18/25,Peak obesity,Restricted,G11 G12,G11 G12,Ghrelin,1,3728 (2/18),4PL,8.76,BLOQ,1.77,20.20%,3277.73,3.80%,123.53
3713,2/11/25,Peak obesity,Ad libitum,G3 G4,G3 G4,Ghrelin,1,3713 (2/11),4PL,20.16,BLOQ,1.78,8.80%,4276.72,4.30%,183.21
3709,2/11/25,Peak obesity,Ad libitum,G5 G6,G5 G6,Ghrelin,1,3709 (2/11),4PL,43.31,BLOQ,2.82,6.50%,7202.67,5.70%,413.25
3711,2/11/25,Peak obesity,Ad libitum,G7 G8,G7 G8,Ghrelin,1,3711 (2/11),4PL,12.71,BLOQ,4.83,38.00%,3595.86,11.10%,400.47
3707,2/11/25,Peak obesity,Ad libitum,G9 G10,G9 G10,Ghrelin,1,3707 (2/11),4PL,32.24,BLOQ,2.38,7.40%,5679.92,5.40%,304.73
3728,3/25/25,BW loss,Restricted,H11 H12,H11 H12,Ghrelin,1,3728 (3/25),4PL,41.52,BLOQ,4.44,10.70%,6946.82,9.20%,637.31
3713,3/25/25,BW loss,Ad libitum,H3 H4,H3 H4,Ghrelin,1,3713 (3/25),4PL,24.51,BLOQ,0.78,3.20%,4745.93,1.90%,88.19
3709,3/25/25,BW loss,Ad libitum,H5 H6,H5 H6,Ghrelin,1,3709 (3/25),4PL,17.93,BLOQ,1.57,8.80%,4053.18,3.80%,153.64
3711,3/25/25,BW loss,Ad libitum,H7 H8,H7 H8,Ghrelin,1,3711 (3/25),4PL,9.73,BLOQ,6.96,71.50%,3387.75,14.90%,505.49
3707,3/25/25,BW loss,Ad libitum,H9 H10,H9 H10,Ghrelin,1,3707 (3/25),4PL,24.31,BLOQ,1.05,4.30%,4723.11,2.50%,118.47
3725,2/18/25,Peak obesity,Restricted,A11 A12,A11 A12,GIP total,1,3725 (2/18),4PL,123.14,,37.67,30.60%,25968.95,29.70%,7712.76
3721,2/13/25,Peak obesity,Restricted,A5 A6,A5 A6,GIP total,1,3721 (2/13),4PL,82.04,,4.53,5.50%,17672.41,5.00%,880.34
3717,2/11/25,Peak obesity,Ad libitum,A7 A8,A7 A8,GIP total,1,3717 (2/11),4PL,67.87,,7.28,10.70%,14955.65,9.20%,1378.39
3729,2/18/25,Peak obesity,Restricted,A9 A10,A9 A10,GIP total,1,3729 (2/18),4PL,348.58,,6.44,1.80%,75058.82,1.90%,1449.16
3725,3/25/25,BW loss,Restricted,B11 B12,B11 B12,GIP total,1,3725 (3/25),4PL,106.92,,24.91,23.30%,22636.72,22.10%,5012.3
3721,4/9/25,BW loss,Restricted,B5 B6,B5 B6,GIP total,1,3721 (4/9),4PL,178.56,,31.36,17.60%,37553.2,17.80%,6701.97
3717,3/25/25,BW loss,Ad libitum,B7 B8,B7 B8,GIP total,1,3717 (3/25),4PL,339.43,,4.53,1.30%,73000.88,1.40%,1017.76
3729,3/25/25,BW loss,Restricted,B9 B10,B9 B10,GIP total,1,3729 (3/25),4PL,148.14,,16.26,11.00%,31090.73,11.00%,3406.97
3708,2/13/25,Peak obesity,Restricted,C11 C12,C11 C12,GIP total,1,3708 (2/13),4PL,361.21,,183.45,50.80%,78124.25,52.70%,41200.16
3718,2/13/25,Peak obesity,Ad libitum,C3 C4,C3 C4,GIP total,1,3718 (2/13),4PL,274.55,,39.19,14.30%,58516.12,14.90%,8700.92
3714,2/13/25,Peak obesity,Restricted,C5 C6,C5 C6,GIP total,1,3714 (2/13),4PL,216.53,,20.52,9.50%,45730.11,9.80%,4469.25
3719,2/13/25,Peak obesity,Ad libitum,C7 C8,C7 C8,GIP total,1,3719 (2/13),4PL,219.66,,21.58,9.80%,46413.59,10.10%,4706.33
3726,2/13/25,Peak obesity,Ad libitum,C9 C10,C9 C10,GIP total,1,3726 (2/13),4PL,408.98,,149.16,36.50%,88765.89,37.90%,33684.82
3708,4/1/25,BW loss,Restricted,D11 D12,D11 D12,GIP total,1,3708 (4/1),4PL,282.16,,147.94,52.40%,60490.07,54.20%,32785.84
3718,3/25/25,BW loss,Ad libitum,D3 D4,D3 D4,GIP total,1,3718 (3/25),4PL,247.62,,120.76,48.80%,52802.63,50.20%,26525.09
3714,4/9/25,BW loss,Restricted,D5 D6,D5 D6,GIP total,1,3714 (4/9),4PL,615.99,,16.55,2.70%,135505.75,2.70%,3722.23
3719,3/25/25,BW loss,Ad libitum,D7 D8,D7 D8,GIP total,1,3719 (3/25),4PL,428.21,,30.83,7.20%,93049.57,7.50%,6980.81
3726,3/25/25,BW loss,Ad libitum,D9 D10,D9 D10,GIP total,1,3726 (3/25),4PL,356.95,,55.77,15.60%,76964.18,16.30%,12562.61
3724,2/18/25,Peak obesity,Restricted,E11 E12,E11 E12,GIP total,1,3724 (2/18),4PL,246.01,,18.68,7.60%,52186.63,7.90%,4114.06
3716,2/11/25,Peak obesity,Ad libitum,E3 E4,E3 E4,GIP total,1,3716 (2/11),4PL,83.38,,8.81,10.60%,17937.31,9.60%,1715.88
3722,2/13/25,Peak obesity,Restricted,E5 E6,E5 E6,GIP total,1,3722 (2/13),4PL,164.8,,5.15,3.10%,34593.13,3.20%,1092.85
3706,2/11/25,Peak obesity,Ad libitum,E7 E8,E7 E8,GIP total,1,3706 (2/11),4PL,233.32,,27.39,11.70%,49405.72,12.20%,6006.54
3723,2/18/25,Peak obesity,Restricted,E9 E10,E9 E10,GIP total,1,3723 (2/18),4PL,203.53,,69.1,34.00%,43019.2,34.70%,14946.41
3724,3/25/25,BW loss,Restricted,F11 F12,F11 F12,GIP total,1,3724 (3/25),4PL,219.08,,23.51,10.70%,46288.79,11.10%,5127.17
3716,3/25/25,BW loss,Ad libitum,F3 F4,F3 F4,GIP total,1,3716 (3/25),4PL,390.43,,22.78,5.80%,84502.03,6.10%,5148.94
3722,4/1/25,BW loss,Restricted,F5 F6,F5 F6,GIP total,1,3722 (4/1),4PL,156.74,,8.07,5.10%,32890.63,5.20%,1700.93
3706,3/25/25,BW loss,Ad libitum,F7 F8,F7 F8,GIP total,1,3706 (3/25),4PL,407.12,,28.74,7.10%,88278.15,7.40%,6501.29
3723,3/25/25,BW loss,Restricted,F9 F10,F9 F10,GIP total,1,3723 (3/25),4PL,223.57,,21.06,9.40%,47267.96,9.70%,4600.32
3728,2/18/25,Peak obesity,Restricted,G11 G12,G11 G12,GIP total,1,3728 (2/18),4PL,157.05,,31.38,20.00%,32989.41,20.00%,6613.61
3713,2/11/25,Peak obesity,Ad libitum,G3 G4,G3 G4,GIP total,1,3713 (2/11),4PL,145.17,,64.85,44.70%,30635.57,44.10%,13520.64
3709,2/11/25,Peak obesity,Ad libitum,G5 G6,G5 G6,GIP total,1,3709 (2/11),4PL,267.47,,88.75,33.20%,57042.56,34.40%,19642.47
3711,2/11/25,Peak obesity,Ad libitum,G7 G8,G7 G8,GIP total,1,3711 (2/11),4PL,125.19,,11.92,9.50%,26324.29,9.30%,2447.91
3707,2/11/25,Peak obesity,Ad libitum,G9 G10,G9 G10,GIP total,1,3707 (2/11),4PL,339.7,,70.17,20.70%,73098.48,21.60%,15768.53
3728,3/25/25,BW loss,Restricted,H11 H12,H11 H12,GIP total,1,3728 (3/25),4PL,211.95,,26.91,12.70%,44740.91,13.10%,5850.82
3713,3/25/25,BW loss,Ad libitum,H3 H4,H3 H4,GIP total,1,3713 (3/25),4PL,333.38,,68.19,20.50%,71679.28,21.40%,15309.58
3709,3/25/25,BW loss,Ad libitum,H5 H6,H5 H6,GIP total,1,3709 (3/25),4PL,295.74,,11.08,3.70%,63212.42,3.90%,2472.18
3711,3/25/25,BW loss,Ad libitum,H7 H8,H7 H8,GIP total,1,3711 (3/25),4PL,253.41,,41.95,16.60%,53842.38,17.20%,9257.04
3707,3/25/25,BW loss,Ad libitum,H9 H10,H9 H10,GIP total,1,3707 (3/25),4PL,374.86,,82.16,21.90%,81017.36,22.90%,18534.7
3725,2/18/25,Peak obesity,Restricted,A11 A12,A11 A12,GLP-1 total,1,3725 (2/18),4PL,311.64,BLOQ,116.84,37.50%,12790.65,33.80%,4328.1
3721,2/13/25,Peak obesity,Restricted,A5 A6,A5 A6,GLP-1 total,1,3721 (2/13),4PL,119.57,BLOQ,4.82,4.00%,7063.45,1.30%,89.57
3717,2/11/25,Peak obesity,Ad libitum,A7 A8,A7 A8,GLP-1 total,1,3717 (2/11),4PL,296.77,BLOQ,135.32,45.60%,12353.44,39.10%,4834.46
3729,2/18/25,Peak obesity,Restricted,A9 A10,A9 A10,GLP-1 total,1,3729 (2/18),4PL,563.85,,50.5,9.00%,24391.65,11.60%,2830.45
3725,3/25/25,BW loss,Restricted,B11 B12,B11 B12,GLP-1 total,1,3725 (3/25),4PL,859.7,,419.94,48.80%,45901.54,66.60%,30566.45
3721,4/9/25,BW loss,Restricted,B5 B6,B5 B6,GLP-1 total,1,3721 (4/9),4PL,316.06,BLOQ,15.65,5.00%,12670.85,4.60%,587.21
3717,3/25/25,BW loss,Ad libitum,B7 B8,B7 B8,GLP-1 total,1,3717 (3/25),4PL,447.28,,37.42,8.40%,18309.34,9.80%,1791.06
3729,3/25/25,BW loss,Restricted,B9 B10,B9 B10,GLP-1 total,1,3729 (3/25),4PL,468.23,,8.69,1.90%,19303.86,2.20%,429.32
3708,2/13/25,Peak obesity,Restricted,C11 C12,C11 C12,GLP-1 total,1,3708 (2/13),4PL,306.78,BLOQ,168,54.80%,12924.87,47.50%,6133.46
3718,2/13/25,Peak obesity,Ad libitum,C3 C4,C3 C4,GLP-1 total,1,3718 (2/13),4PL,266,BLOQ,27.93,10.50%,10912.55,8.50%,926.57
3714,2/13/25,Peak obesity,Restricted,C5 C6,C5 C6,GLP-1 total,1,3714 (2/13),4PL,274.98,BLOQ,1.34,0.50%,11196.6,0.40%,45.45
3719,2/13/25,Peak obesity,Ad libitum,C7 C8,C7 C8,GLP-1 total,1,3719 (2/13),4PL,387.76,,10.18,2.60%,15569.68,2.80%,441.21
3726,2/13/25,Peak obesity,Ad libitum,C9 C10,C9 C10,GLP-1 total,1,3726 (2/13),4PL,307.95,BLOQ,123.32,40.00%,12688.35,35.70%,4527.51
3708,4/1/25,BW loss,Restricted,D11 D12,D11 D12,GLP-1 total,1,3708 (4/1),4PL,406.8,BLOQ,209.64,51.50%,17254.13,54.10%,9338.69
3718,3/25/25,BW loss,Ad libitum,D3 D4,D3 D4,GLP-1 total,1,3718 (3/25),4PL,428.02,BLOQ,214.55,50.10%,18244.65,54.30%,9903.64
3714,4/9/25,BW loss,Restricted,D5 D6,D5 D6,GLP-1 total,1,3714 (4/9),4PL,505.73,,30.43,6.00%,21222.12,7.50%,1584.78
3719,3/25/25,BW loss,Ad libitum,D7 D8,D7 D8,GLP-1 total,1,3719 (3/25),4PL,535.59,,67.28,12.60%,22869.38,15.90%,3641.8
3726,3/25/25,BW loss,Ad libitum,D9 D10,D9 D10,GLP-1 total,1,3726 (3/25),4PL,315.64,BLOQ,46.29,14.70%,12695.14,13.70%,1734.68
3724,2/18/25,Peak obesity,Restricted,E11 E12,E11 E12,GLP-1 total,1,3724 (2/18),4PL,329.67,BLOQ,30.37,9.20%,13203.41,8.90%,1173.9
3716,2/11/25,Peak obesity,Ad libitum,E3 E4,E3 E4,GLP-1 total,1,3716 (2/11),4PL,274.46,BLOQ,22.01,8.00%,11189.81,6.70%,746.84
3722,2/13/25,Peak obesity,Restricted,E5 E6,E5 E6,GLP-1 total,1,3722 (2/13),4PL,283.9,BLOQ,33.52,11.80%,11527.65,10.10%,1164.79
3706,2/11/25,Peak obesity,Ad libitum,E7 E8,E7 E8,GLP-1 total,1,3706 (2/11),4PL,293.58,BLOQ,3.27,1.10%,11844.05,1.00%,116.43
3723,2/18/25,Peak obesity,Restricted,E9 E10,E9 E10,GLP-1 total,1,3723 (2/18),4PL,307.7,BLOQ,58.37,19.00%,12427.68,17.30%,2147.14
3724,3/25/25,BW loss,Restricted,F11 F12,F11 F12,GLP-1 total,1,3724 (3/25),4PL,635.46,,184.7,29.10%,29065.59,38.50%,11179.59
3716,3/25/25,BW loss,Ad libitum,F3 F4,F3 F4,GLP-1 total,1,3716 (3/25),4PL,474.14,,44.57,9.40%,19631.75,11.30%,2220.57
3722,4/1/25,BW loss,Restricted,F5 F6,F5 F6,GLP-1 total,1,3722 (4/1),4PL,350.78,BLOQ,52.16,14.90%,14074.11,15.00%,2105.98
3706,3/25/25,BW loss,Ad libitum,F7 F8,F7 F8,GLP-1 total,1,3706 (3/25),4PL,388.07,BLOQ,35.23,9.10%,15605.23,9.80%,1527.52
3723,3/25/25,BW loss,Restricted,F9 F10,F9 F10,GLP-1 total,1,3723 (3/25),4PL,307.85,BLOQ,44.69,14.50%,12403.26,13.30%,1644.98
3728,2/18/25,Peak obesity,Restricted,G11 G12,G11 G12,GLP-1 total,1,3728 (2/18),4PL,621.83,,122.09,19.60%,27945.57,26.10%,7295.73
3713,2/11/25,Peak obesity,Ad libitum,G3 G4,G3 G4,GLP-1 total,1,3713 (2/11),4PL,340.33,BLOQ,164.14,48.20%,14156.24,45.60%,6458.13
3709,2/11/25,Peak obesity,Ad libitum,G5 G6,G5 G6,GLP-1 total,1,3709 (2/11),4PL,388.78,BLOQ,111.18,28.60%,15853.58,30.40%,4819.23
3711,2/11/25,Peak obesity,Ad libitum,G7 G8,G7 G8,GLP-1 total,1,3711 (2/11),4PL,331.71,BLOQ,6.41,1.90%,13264.25,1.90%,248.93
3707,2/11/25,Peak obesity,Ad libitum,G9 G10,G9 G10,GLP-1 total,1,3707 (2/11),4PL,529.29,,106.95,20.20%,22648.62,25.30%,5738.74
3728,3/25/25,BW loss,Restricted,H11 H12,H11 H12,GLP-1 total,1,3728 (3/25),4PL,513.75,,86.77,16.90%,21756.67,21.00%,4564.54
3713,3/25/25,BW loss,Ad libitum,H3 H4,H3 H4,GLP-1 total,1,3713 (3/25),4PL,346.23,BLOQ,39.86,11.50%,13868.35,11.50%,1594.99
3709,3/25/25,BW loss,Ad libitum,H5 H6,H5 H6,GLP-1 total,1,3709 (3/25),4PL,318.94,BLOQ,8.2,2.60%,12775.59,2.40%,309.7
3711,3/25/25,BW loss,Ad libitum,H7 H8,H7 H8,GLP-1 total,1,3711 (3/25),4PL,724.01,,147.63,20.40%,34460.16,28.20%,9733.68
3707,3/25/25,BW loss,Ad libitum,H9 H10,H9 H10,GLP-1 total,1,3707 (3/25),4PL,332.15,BLOQ,98.74,29.70%,13482.76,28.40%,3830.62
3725,2/18/25,Peak obesity,Restricted,A11 A12,A11 A12,Glucagon,1,3725 (2/18),4PL,68.99,,11.77,17.10%,15638.37,28.60%,4474.31
3721,2/13/25,Peak obesity,Restricted,A5 A6,A5 A6,Glucagon,1,3721 (2/13),4PL,40.86,BLOQ,0.65,1.60%,6875.8,2.20%,149.93
3717,2/11/25,Peak obesity,Ad libitum,A7 A8,A7 A8,Glucagon,1,3717 (2/11),4PL,33.79,BLOQ,0.6,1.80%,5392.54,2.10%,113.66
3729,2/18/25,Peak obesity,Restricted,A9 A10,A9 A10,Glucagon,1,3729 (2/18),4PL,149.91,,12.74,8.50%,63208.93,15.90%,10028.58
3725,3/25/25,BW loss,Restricted,B11 B12,B11 B12,Glucagon,1,3725 (3/25),4PL,59.05,,18.38,31.10%,12389.01,48.50%,6011.86
3721,4/9/25,BW loss,Restricted,B5 B6,B5 B6,Glucagon,1,3721 (4/9),4PL,70.47,,7.19,10.20%,16093.84,17.30%,2789.87
3717,3/25/25,BW loss,Ad libitum,B7 B8,B7 B8,Glucagon,1,3717 (3/25),4PL,68.38,,3.1,4.50%,15237.87,7.70%,1170.1
3729,3/25/25,BW loss,Restricted,B9 B10,B9 B10,Glucagon,1,3729 (3/25),4PL,123.64,,24.27,19.60%,44716.05,35.80%,16025.37
3708,2/13/25,Peak obesity,Restricted,C11 C12,C11 C12,Glucagon,1,3708 (2/13),4PL,94.7,,11.03,11.60%,27122.24,20.90%,5673.29
3718,2/13/25,Peak obesity,Ad libitum,C3 C4,C3 C4,Glucagon,1,3718 (2/13),4PL,91.92,,9.73,10.60%,25679.5,18.90%,4865.12
3714,2/13/25,Peak obesity,Restricted,C5 C6,C5 C6,Glucagon,1,3714 (2/13),4PL,92.81,,1.93,2.10%,26011.81,3.70%,974.32
3719,2/13/25,Peak obesity,Ad libitum,C7 C8,C7 C8,Glucagon,1,3719 (2/13),4PL,96.32,,12.42,12.90%,28004.18,23.20%,6495.04
3726,2/13/25,Peak obesity,Ad libitum,C9 C10,C9 C10,Glucagon,1,3726 (2/13),4PL,114.78,,22.4,19.50%,38954.56,35.40%,13805.43
3708,4/1/25,BW loss,Restricted,D11 D12,D11 D12,Glucagon,1,3708 (4/1),4PL,127.95,,41.26,32.30%,48963.34,57.40%,28085.46
3718,3/25/25,BW loss,Ad libitum,D3 D4,D3 D4,Glucagon,1,3718 (3/25),4PL,106.04,,39.99,37.70%,35154.95,65.00%,22855.86
3714,4/9/25,BW loss,Restricted,D5 D6,D5 D6,Glucagon,1,3714 (4/9),4PL,176.73,,6.55,3.70%,85852.65,6.90%,5961.16
3719,3/25/25,BW loss,Ad libitum,D7 D8,D7 D8,Glucagon,1,3719 (3/25),4PL,152.95,,3.66,2.40%,65452.98,4.50%,2932.51
3726,3/25/25,BW loss,Ad libitum,D9 D10,D9 D10,Glucagon,1,3726 (3/25),4PL,178.72,,8.98,5.00%,87716.37,9.40%,8255.05
3724,2/18/25,Peak obesity,Restricted,E11 E12,E11 E12,Glucagon,1,3724 (2/18),4PL,163.57,,22.51,13.80%,74792.45,25.60%,19150.87
3716,2/11/25,Peak obesity,Ad libitum,E3 E4,E3 E4,Glucagon,1,3716 (2/11),4PL,23.85,BLOQ,0.19,0.80%,3773.51,0.70%,26.28
3722,2/13/25,Peak obesity,Restricted,E5 E6,E5 E6,Glucagon,1,3722 (2/13),4PL,99.05,,2.3,2.30%,29262.65,4.20%,1233.96
3706,2/11/25,Peak obesity,Ad libitum,E7 E8,E7 E8,Glucagon,1,3706 (2/11),4PL,116.71,,8.84,7.60%,39624.16,14.00%,5531.85
3723,2/18/25,Peak obesity,Restricted,E9 E10,E9 E10,Glucagon,1,3723 (2/18),4PL,94.94,,20.14,21.20%,27615.24,37.60%,10384.46
3724,3/25/25,BW loss,Restricted,F11 F12,F11 F12,Glucagon,1,3724 (3/25),4PL,97.96,,6.76,6.90%,28731.01,12.50%,3592.47
3716,3/25/25,BW loss,Ad libitum,F3 F4,F3 F4,Glucagon,1,3716 (3/25),4PL,75.73,,3.67,4.80%,18154.17,8.40%,1525.06
3722,4/1/25,BW loss,Restricted,F5 F6,F5 F6,Glucagon,1,3722 (4/1),4PL,75.33,,5.83,7.70%,18018.69,13.40%,2412.13
3706,3/25/25,BW loss,Ad libitum,F7 F8,F7 F8,Glucagon,1,3706 (3/25),4PL,124.39,,12.21,9.80%,44667.54,18.20%,8111.27
3723,3/25/25,BW loss,Restricted,F9 F10,F9 F10,Glucagon,1,3723 (3/25),4PL,89.95,,6.25,6.90%,24629.97,12.40%,3060.73
3728,2/18/25,Peak obesity,Restricted,G11 G12,G11 G12,Glucagon,1,3728 (2/18),4PL,68.53,,8.83,12.90%,15384.26,21.70%,3336.74
3713,2/11/25,Peak obesity,Ad libitum,G3 G4,G3 G4,Glucagon,1,3713 (2/11),4PL,74.29,,36.47,49.10%,19296.54,77.10%,14868.8
3709,2/11/25,Peak obesity,Ad libitum,G5 G6,G5 G6,Glucagon,1,3709 (2/11),4PL,183.95,,42.13,22.90%,94451.82,42.00%,39664.98
3711,2/11/25,Peak obesity,Ad libitum,G7 G8,G7 G8,Glucagon,1,3711 (2/11),4PL,58.86,,0.17,0.30%,11874.37,0.50%,54.92
3707,2/11/25,Peak obesity,Ad libitum,G9 G10,G9 G10,Glucagon,1,3707 (2/11),4PL,149,,10.4,7.00%,62429.77,13.00%,8147.05
3728,3/25/25,BW loss,Restricted,H11 H12,H11 H12,Glucagon,1,3728 (3/25),4PL,66.99,,3.41,5.10%,14719.08,8.60%,1260.59
3713,3/25/25,BW loss,Ad libitum,H3 H4,H3 H4,Glucagon,1,3713 (3/25),4PL,107.04,,15.55,14.50%,34012.14,26.40%,8977.79
3709,3/25/25,BW loss,Ad libitum,H5 H6,H5 H6,Glucagon,1,3709 (3/25),4PL,81.17,,4.99,6.10%,20510.45,10.80%,2217.33
3711,3/25/25,BW loss,Ad libitum,H7 H8,H7 H8,Glucagon,1,3711 (3/25),4PL,79.55,,0.41,0.50%,19767.37,0.90%,178.54
3707,3/25/25,BW loss,Ad libitum,H9 H10,H9 H10,Glucagon,1,3707 (3/25),4PL,97.87,,13.04,13.30%,28843.84,24.00%,6922.29
3725,2/18/25,Peak obesity,Restricted,A11 A12,A11 A12,IL-6,1,3725 (2/18),4PL,,EXT_BLOQ,,,2936.84,18.50%,543.28
3721,2/13/25,Peak obesity,Restricted,A5 A6,A5 A6,IL-6,1,3721 (2/13),4PL,14.26,BLOQ,3.38,23.70%,3153.4,4.20%,133.75
3717,2/11/25,Peak obesity,Ad libitum,A7 A8,A7 A8,IL-6,1,3717 (2/11),4PL,,BLOQ_ND,,,2834.43,10.50%,298.66
3729,2/18/25,Peak obesity,Restricted,A9 A10,A9 A10,IL-6,1,3729 (2/18),4PL,10.08,BLOQ,8.66,85.90%,2993.17,11.20%,335.08
3725,3/25/25,BW loss,Restricted,B11 B12,B11 B12,IL-6,1,3725 (3/25),4PL,16.39,BLOQ,0.39,2.40%,3237.63,0.50%,15.7
3721,4/9/25,BW loss,Restricted,B5 B6,B5 B6,IL-6,1,3721 (4/9),4PL,33.96,BLOQ,0.26,0.80%,3953.7,0.30%,10.94
3717,3/25/25,BW loss,Ad libitum,B7 B8,B7 B8,IL-6,1,3717 (3/25),4PL,26.39,BLOQ,9.47,35.90%,3643.67,10.60%,387.09
3729,3/25/25,BW loss,Restricted,B9 B10,B9 B10,IL-6,1,3729 (3/25),4PL,5.62,BLOQ,0.89,15.90%,2818.3,1.20%,33.5
3708,2/13/25,Peak obesity,Restricted,C11 C12,C11 C12,IL-6,1,3708 (2/13),4PL,23.39,BLOQ,5.65,24.10%,3520.31,6.50%,229.49
3718,2/13/25,Peak obesity,Ad libitum,C3 C4,C3 C4,IL-6,1,3718 (2/13),4PL,23.43,BLOQ,1.31,5.60%,3521.07,1.50%,53.13
3714,2/13/25,Peak obesity,Restricted,C5 C6,C5 C6,IL-6,1,3714 (2/13),4PL,19.35,BLOQ,2.16,11.20%,3356.17,2.60%,86.82
3719,2/13/25,Peak obesity,Ad libitum,C7 C8,C7 C8,IL-6,1,3719 (2/13),4PL,28.17,BLOQ,4.52,16.10%,3715.49,5.00%,185.71
3726,2/13/25,Peak obesity,Ad libitum,C9 C10,C9 C10,IL-6,1,3726 (2/13),4PL,35.34,,1.45,4.10%,4011.17,1.50%,60.22
3708,4/1/25,BW loss,Restricted,D11 D12,D11 D12,IL-6,1,3708 (4/1),4PL,21.25,BLOQ,15.58,73.40%,3439.22,18.30%,628.58
3718,3/25/25,BW loss,Ad libitum,D3 D4,D3 D4,IL-6,1,3718 (3/25),4PL,14.12,BLOQ,2.43,17.20%,3147.55,3.00%,96
3714,4/9/25,BW loss,Restricted,D5 D6,D5 D6,IL-6,1,3714 (4/9),4PL,21.35,BLOQ,1.61,7.60%,3437.04,1.90%,65.27
3719,3/25/25,BW loss,Ad libitum,D7 D8,D7 D8,IL-6,1,3719 (3/25),4PL,86.76,,0.79,0.90%,6206.84,0.60%,34.48
3726,3/25/25,BW loss,Ad libitum,D9 D10,D9 D10,IL-6,1,3726 (3/25),4PL,23.67,BLOQ,1.12,4.70%,3530.97,1.30%,45.49
3724,2/18/25,Peak obesity,Restricted,E11 E12,E11 E12,IL-6,1,3724 (2/18),4PL,10.49,BLOQ,2.19,20.90%,3005.11,2.80%,85.36
3716,2/11/25,Peak obesity,Ad libitum,E3 E4,E3 E4,IL-6,1,3716 (2/11),4PL,23.34,BLOQ,0.66,2.80%,3517.76,0.80%,26.79
3722,2/13/25,Peak obesity,Restricted,E5 E6,E5 E6,IL-6,1,3722 (2/13),4PL,25.06,BLOQ,2.82,11.30%,3587.6,3.20%,115.21
3706,2/11/25,Peak obesity,Ad libitum,E7 E8,E7 E8,IL-6,1,3706 (2/11),4PL,24.64,BLOQ,5.73,23.30%,3571.08,6.50%,233.47
3723,2/18/25,Peak obesity,Restricted,E9 E10,E9 E10,IL-6,1,3723 (2/18),4PL,16.76,BLOQ,0.16,1.00%,3252.49,0.20%,6.47
3724,3/25/25,BW loss,Restricted,F11 F12,F11 F12,IL-6,1,3724 (3/25),4PL,9.82,BLOQ,10.86,110.60%,2985.9,14.00%,418.2
3716,3/25/25,BW loss,Ad libitum,F3 F4,F3 F4,IL-6,1,3716 (3/25),4PL,35.42,BLOQ,4.27,12.10%,4014.91,4.40%,177.5
3722,4/1/25,BW loss,Restricted,F5 F6,F5 F6,IL-6,1,3722 (4/1),4PL,21.67,BLOQ,1.06,4.90%,3449.75,1.20%,43.1
3706,3/25/25,BW loss,Ad libitum,F7 F8,F7 F8,IL-6,1,3706 (3/25),4PL,18.04,BLOQ,5.38,29.80%,3304.54,6.50%,215.54
3723,3/25/25,BW loss,Restricted,F9 F10,F9 F10,IL-6,1,3723 (3/25),4PL,13.29,BLOQ,1.71,12.90%,3114.93,2.20%,67.47
3728,2/18/25,Peak obesity,Restricted,G11 G12,G11 G12,IL-6,1,3728 (2/18),4PL,11.32,BLOQ,7.71,68.10%,3040.25,9.90%,300.74
3713,2/11/25,Peak obesity,Ad libitum,G3 G4,G3 G4,IL-6,1,3713 (2/11),4PL,14.66,BLOQ,2.57,17.50%,3169.04,3.20%,101.93
3709,2/11/25,Peak obesity,Ad libitum,G5 G6,G5 G6,IL-6,1,3709 (2/11),4PL,30.18,BLOQ,6.15,20.40%,3798.05,6.70%,253.39
3711,2/11/25,Peak obesity,Ad libitum,G7 G8,G7 G8,IL-6,1,3711 (2/11),4PL,13.13,BLOQ,1.17,8.90%,3108.47,1.50%,45.97
3707,2/11/25,Peak obesity,Ad libitum,G9 G10,G9 G10,IL-6,1,3707 (2/11),4PL,22.72,BLOQ,0.29,1.30%,3492.28,0.30%,11.91
3728,3/25/25,BW loss,Restricted,H11 H12,H11 H12,IL-6,1,3728 (3/25),4PL,5.48,BLOQ,4.6,84.10%,2815.05,6.10%,172.4
3713,3/25/25,BW loss,Ad libitum,H3 H4,H3 H4,IL-6,1,3713 (3/25),4PL,54.91,,0.52,1.00%,4834.77,0.50%,22.27
3709,3/25/25,BW loss,Ad libitum,H5 H6,H5 H6,IL-6,1,3709 (3/25),4PL,48.13,,6.56,13.60%,4547.74,6.10%,276.88
3711,3/25/25,BW loss,Ad libitum,H7 H8,H7 H8,IL-6,1,3711 (3/25),4PL,15.78,BLOQ,5.46,34.60%,3214.22,6.80%,217.03
3707,3/25/25,BW loss,Ad libitum,H9 H10,H9 H10,IL-6,1,3707 (3/25),4PL,36.4,,2.14,5.90%,4055.11,2.20%,88.86
3725,2/18/25,Peak obesity,Restricted,A11 A12,A11 A12,Insulin,1,3725 (2/18),4PL,2136.43,,491.35,23.00%,109789.72,31.90%,35013.89
3721,2/13/25,Peak obesity,Restricted,A5 A6,A5 A6,Insulin,1,3721 (2/13),4PL,875.42,,78.29,8.90%,30057.41,13.00%,3896.51
3717,2/11/25,Peak obesity,Ad libitum,A7 A8,A7 A8,Insulin,1,3717 (2/11),4PL,1919.85,,101.74,5.30%,94061.93,7.50%,7072.43
3729,2/18/25,Peak obesity,Restricted,A9 A10,A9 A10,Insulin,1,3729 (2/18),4PL,2538.64,,200.52,7.90%,138620.04,10.70%,14784.45
3725,3/25/25,BW loss,Restricted,B11 B12,B11 B12,Insulin,1,3725 (3/25),4PL,715.55,,133.73,18.70%,22603.09,26.40%,5970.99
3721,4/9/25,BW loss,Restricted,B5 B6,B5 B6,Insulin,1,3721 (4/9),4PL,735.55,,26.11,3.50%,23356.33,5.10%,1184.51
3717,3/25/25,BW loss,Ad libitum,B7 B8,B7 B8,Insulin,1,3717 (3/25),4PL,1634.5,,85.89,5.30%,74699.46,7.60%,5666.79
3729,3/25/25,BW loss,Restricted,B9 B10,B9 B10,Insulin,1,3729 (3/25),4PL,997.31,,47.84,4.80%,36307.64,7.00%,2545.1
3708,2/13/25,Peak obesity,Restricted,C11 C12,C11 C12,Insulin,1,3708 (2/13),4PL,1693.08,,196.95,11.60%,78694.54,16.70%,13149.26
3718,2/13/25,Peak obesity,Ad libitum,C3 C4,C3 C4,Insulin,1,3718 (2/13),4PL,1197.32,,33,2.80%,47439.94,4.00%,1915.73
3714,2/13/25,Peak obesity,Restricted,C5 C6,C5 C6,Insulin,1,3714 (2/13),4PL,1904.66,,145.74,7.70%,93036.72,10.90%,10106.04
3719,2/13/25,Peak obesity,Ad libitum,C7 C8,C7 C8,Insulin,1,3719 (2/13),4PL,1167.96,,56.4,4.80%,45757.07,7.10%,3237.44
3726,2/13/25,Peak obesity,Ad libitum,C9 C10,C9 C10,Insulin,1,3726 (2/13),4PL,1177.15,,307.62,26.10%,46802.82,37.80%,17671.93
3708,4/1/25,BW loss,Restricted,D11 D12,D11 D12,Insulin,1,3708 (4/1),4PL,4633.07,,1353.33,29.20%,288159.73,32.00%,92161.98
3718,3/25/25,BW loss,Ad libitum,D3 D4,D3 D4,Insulin,1,3718 (3/25),4PL,1102.22,,232.16,21.10%,42341.8,30.60%,12945.93
3714,4/9/25,BW loss,Restricted,D5 D6,D5 D6,Insulin,1,3714 (4/9),4PL,3661.06,,670.25,18.30%,221498.05,22.10%,49048.56
3719,3/25/25,BW loss,Ad libitum,D7 D8,D7 D8,Insulin,1,3719 (3/25),4PL,1255.87,,115.25,9.20%,50940.74,13.40%,6834.57
3726,3/25/25,BW loss,Ad libitum,D9 D10,D9 D10,Insulin,1,3726 (3/25),4PL,3724.98,,173.15,4.60%,226538.76,5.60%,12656.29
3724,2/18/25,Peak obesity,Restricted,E11 E12,E11 E12,Insulin,1,3724 (2/18),4PL,1736.18,,38.44,2.20%,81459.81,3.20%,2590.45
3716,2/11/25,Peak obesity,Ad libitum,E3 E4,E3 E4,Insulin,1,3716 (2/11),4PL,1523.63,,307.35,20.20%,67833.11,29.10%,19719.95
3722,2/13/25,Peak obesity,Restricted,E5 E6,E5 E6,Insulin,1,3722 (2/13),4PL,1189.96,,174.1,14.60%,47176.71,21.30%,10070.9
3706,2/11/25,Peak obesity,Ad libitum,E7 E8,E7 E8,Insulin,1,3706 (2/11),4PL,672.38,,89.18,13.30%,20623.48,18.70%,3849.7
3723,2/18/25,Peak obesity,Restricted,E9 E10,E9 E10,Insulin,1,3723 (2/18),4PL,742.05,,67.84,9.10%,23684.74,13.10%,3092.16
3724,3/25/25,BW loss,Restricted,F11 F12,F11 F12,Insulin,1,3724 (3/25),4PL,946.55,,102.28,10.80%,33699.1,15.70%,5298.48
3716,3/25/25,BW loss,Ad libitum,F3 F4,F3 F4,Insulin,1,3716 (3/25),4PL,1331.2,,88.13,6.60%,55436.28,9.70%,5362.02
3722,4/1/25,BW loss,Restricted,F5 F6,F5 F6,Insulin,1,3722 (4/1),4PL,1789.05,,264.42,14.80%,85248.77,21.10%,17971.65
3706,3/25/25,BW loss,Ad libitum,F7 F8,F7 F8,Insulin,1,3706 (3/25),4PL,773.91,,34.63,4.50%,25125.04,6.40%,1614.98
3723,3/25/25,BW loss,Restricted,F9 F10,F9 F10,Insulin,1,3723 (3/25),4PL,1576.9,,134.04,8.50%,70965.21,12.30%,8726.8
3728,2/18/25,Peak obesity,Restricted,G11 G12,G11 G12,Insulin,1,3728 (2/18),4PL,12065.3,,686.22,5.70%,620631.34,2.80%,17554.59
3713,2/11/25,Peak obesity,Ad libitum,G3 G4,G3 G4,Insulin,1,3713 (2/11),4PL,1550.5,,424.85,27.40%,69897.84,39.20%,27392.94
3709,2/11/25,Peak obesity,Ad libitum,G5 G6,G5 G6,Insulin,1,3709 (2/11),4PL,2851.63,,337.92,11.90%,161837.52,15.50%,25149.5
3711,2/11/25,Peak obesity,Ad libitum,G7 G8,G7 G8,Insulin,1,3711 (2/11),4PL,4831.36,,582.55,12.10%,303848.36,12.90%,39061.53
3707,2/11/25,Peak obesity,Ad libitum,G9 G10,G9 G10,Insulin,1,3707 (2/11),4PL,1186.77,,51.85,4.40%,46837.44,6.40%,2998.16
3728,3/25/25,BW loss,Restricted,H11 H12,H11 H12,Insulin,1,3728 (3/25),4PL,1081.23,,9.05,0.80%,40848.6,1.20%,500.87
3713,3/25/25,BW loss,Ad libitum,H3 H4,H3 H4,Insulin,1,3713 (3/25),4PL,2075.05,,330.85,15.90%,105176.61,22.30%,23452.08
3709,3/25/25,BW loss,Ad libitum,H5 H6,H5 H6,Insulin,1,3709 (3/25),4PL,1563.3,,71.78,4.60%,70032.13,6.70%,4659.71
3711,3/25/25,BW loss,Ad libitum,H7 H8,H7 H8,Insulin,1,3711 (3/25),4PL,9391.95,,749.83,8.00%,537734.66,5.20%,27774.93
3707,3/25/25,BW loss,Ad libitum,H9 H10,H9 H10,Insulin,1,3707 (3/25),4PL,1760.59,,200.47,11.40%,83230.13,16.30%,13561.45
3725,2/18/25,Peak obesity,Restricted,A11 A12,A11 A12,Leptin,1,3725 (2/18),4PL,5358.78,,793.44,14.80%,207066.49,13.00%,26972.97
3721,2/13/25,Peak obesity,Restricted,A5 A6,A5 A6,Leptin,1,3721 (2/13),4PL,4178.58,,1051.12,25.20%,165012.88,23.40%,38675.81
3717,2/11/25,Peak obesity,Ad libitum,A7 A8,A7 A8,Leptin,1,3717 (2/11),4PL,4060.68,,128.62,3.20%,161290.09,3.00%,4769.98
3729,2/18/25,Peak obesity,Restricted,A9 A10,A9 A10,Leptin,1,3729 (2/18),4PL,5033.74,,725.63,14.40%,195951.69,12.90%,25232.75
3725,3/25/25,BW loss,Restricted,B11 B12,B11 B12,Leptin,1,3725 (3/25),4PL,5474.63,,1850.84,33.80%,209329.37,29.80%,62425.01
3721,4/9/25,BW loss,Restricted,B5 B6,B5 B6,Leptin,1,3721 (4/9),4PL,3611.88,,1308.2,36.20%,143497.48,34.70%,49776.61
3717,3/25/25,BW loss,Ad libitum,B7 B8,B7 B8,Leptin,1,3717 (3/25),4PL,8567.93,,2678.7,31.30%,301112.59,24.00%,72145.49
3729,3/25/25,BW loss,Restricted,B9 B10,B9 B10,Leptin,1,3729 (3/25),4PL,3890.29,,1179.21,30.30%,154161.19,28.60%,44158.38
3708,2/13/25,Peak obesity,Restricted,C11 C12,C11 C12,Leptin,1,3708 (2/13),4PL,6913.76,,390.95,5.70%,257362.64,4.60%,11870.71
3718,2/13/25,Peak obesity,Ad libitum,C3 C4,C3 C4,Leptin,1,3718 (2/13),4PL,6178.65,,436.87,7.10%,234401.44,6.00%,14001.97
3714,2/13/25,Peak obesity,Restricted,C5 C6,C5 C6,Leptin,1,3714 (2/13),4PL,6097.31,,901.06,14.80%,231422.87,12.60%,29055.54
3719,2/13/25,Peak obesity,Ad libitum,C7 C8,C7 C8,Leptin,1,3719 (2/13),4PL,6417.99,,71.55,1.10%,242113.95,0.90%,2253.23
3726,2/13/25,Peak obesity,Ad libitum,C9 C10,C9 C10,Leptin,1,3726 (2/13),4PL,8695.64,,645.6,7.40%,307907.92,5.60%,17167.16
3708,4/1/25,BW loss,Restricted,D11 D12,D11 D12,Leptin,1,3708 (4/1),4PL,4722.27,,1783.98,37.80%,183433.39,34.50%,63340.22
3718,3/25/25,BW loss,Ad libitum,D3 D4,D3 D4,Leptin,1,3718 (3/25),4PL,6948.09,,1707.06,24.60%,256856.95,20.10%,51753.05
3714,4/9/25,BW loss,Restricted,D5 D6,D5 D6,Leptin,1,3714 (4/9),4PL,6374.1,,934.1,14.70%,240227.55,12.30%,29519.82
3719,3/25/25,BW loss,Ad libitum,D7 D8,D7 D8,Leptin,1,3719 (3/25),4PL,8778.08,,2744.93,31.30%,306590.35,23.70%,72797.16
3726,3/25/25,BW loss,Ad libitum,D9 D10,D9 D10,Leptin,1,3726 (3/25),4PL,11474.21,,162.85,1.40%,374877.2,0.90%,3529.37
3724,2/18/25,Peak obesity,Restricted,E11 E12,E11 E12,Leptin,1,3724 (2/18),4PL,4547.25,,1190.88,26.20%,178225.5,24.00%,42786.9
3716,2/11/25,Peak obesity,Ad libitum,E3 E4,E3 E4,Leptin,1,3716 (2/11),4PL,4126.02,,309.56,7.50%,163661.78,7.00%,11432.46
3722,2/13/25,Peak obesity,Restricted,E5 E6,E5 E6,Leptin,1,3722 (2/13),4PL,4286.14,,661.47,15.40%,169344.45,14.30%,24178.84
3706,2/11/25,Peak obesity,Ad libitum,E7 E8,E7 E8,Leptin,1,3706 (2/11),4PL,4123.47,,1393.07,33.80%,162504.09,31.60%,51416.4
3723,2/18/25,Peak obesity,Restricted,E9 E10,E9 E10,Leptin,1,3723 (2/18),4PL,4178.99,,1071.41,25.60%,165003.1,23.90%,39420.84
3724,3/25/25,BW loss,Restricted,F11 F12,F11 F12,Leptin,1,3724 (3/25),4PL,5340.5,,1946.33,36.40%,204567.8,32.40%,66263.85
3716,3/25/25,BW loss,Ad libitum,F3 F4,F3 F4,Leptin,1,3716 (3/25),4PL,6556.28,,63.4,1.00%,246447.73,0.80%,1976.43
3722,4/1/25,BW loss,Restricted,F5 F6,F5 F6,Leptin,1,3722 (4/1),4PL,2110.43,,86.22,4.10%,85045.63,4.10%,3508.17
3706,3/25/25,BW loss,Ad libitum,F7 F8,F7 F8,Leptin,1,3706 (3/25),4PL,6364.25,,1363.93,21.40%,239345.24,18.00%,43147.05
3723,3/25/25,BW loss,Restricted,F9 F10,F9 F10,Leptin,1,3723 (3/25),4PL,3701.81,,628.07,17.00%,147624.22,16.10%,23798.61
3728,2/18/25,Peak obesity,Restricted,G11 G12,G11 G12,Leptin,1,3728 (2/18),4PL,3811.16,,671.46,17.60%,151720.53,16.70%,25277.96
3713,2/11/25,Peak obesity,Ad libitum,G3 G4,G3 G4,Leptin,1,3713 (2/11),4PL,3614.28,,269.74,7.50%,144477.38,7.10%,10275.2
3709,2/11/25,Peak obesity,Ad libitum,G5 G6,G5 G6,Leptin,1,3709 (2/11),4PL,5751.31,,1079.22,18.80%,219912.02,16.20%,35682.55
3711,2/11/25,Peak obesity,Ad libitum,G7 G8,G7 G8,Leptin,1,3711 (2/11),4PL,7046.29,,289.01,4.10%,261406.18,3.30%,8689.47
3707,2/11/25,Peak obesity,Ad libitum,G9 G10,G9 G10,Leptin,1,3707 (2/11),4PL,4961.84,,545.62,11.00%,193582.3,9.80%,19067.11
3728,3/25/25,BW loss,Restricted,H11 H12,H11 H12,Leptin,1,3728 (3/25),4PL,2372.54,,1771.94,74.70%,94786.15,74.80%,70934.17
3713,3/25/25,BW loss,Ad libitum,H3 H4,H3 H4,Leptin,1,3713 (3/25),4PL,8905.18,,1392.12,15.60%,312697.42,11.70%,36472.46
3709,3/25/25,BW loss,Ad libitum,H5 H6,H5 H6,Leptin,1,3709 (3/25),4PL,9543.04,,3118.1,32.70%,325447.61,24.00%,78223.93
3711,3/25/25,BW loss,Ad libitum,H7 H8,H7 H8,Leptin,1,3711 (3/25),4PL,6686.21,,1084.48,16.20%,249811.75,13.40%,33498.87
3707,3/25/25,BW loss,Ad libitum,H9 H10,H9 H10,Leptin,1,3707 (3/25),4PL,8444.09,,2417.04,28.60%,298412.11,22.00%,65658.78
3725,2/18/25,Peak obesity,Restricted,A11 A12,A11 A12,MCP-1,1,3725 (2/18),4PL,,BLOQ_ND,,,2830.79,1.40%,40.68
3721,2/13/25,Peak obesity,Restricted,A5 A6,A5 A6,MCP-1,1,3721 (2/13),4PL,,EXT_BLOQ,,,2841.91,4.10%,116.07
3717,2/11/25,Peak obesity,Ad libitum,A7 A8,A7 A8,MCP-1,1,3717 (2/11),4PL,113.55,BLOQ,12.15,10.70%,3248.66,2.60%,83.01
3729,2/18/25,Peak obesity,Restricted,A9 A10,A9 A10,MCP-1,1,3729 (2/18),4PL,90.36,BLOQ,76.5,84.70%,3162.67,14.00%,443.74
3725,3/25/25,BW loss,Restricted,B11 B12,B11 B12,MCP-1,1,3725 (3/25),4PL,66.55,BLOQ,46.17,69.40%,2997.34,7.40%,220.53
3721,4/9/25,BW loss,Restricted,B5 B6,B5 B6,MCP-1,1,3721 (4/9),4PL,50.22,BLOQ,29.44,58.60%,2911.03,4.00%,117.35
3717,3/25/25,BW loss,Ad libitum,B7 B8,B7 B8,MCP-1,1,3717 (3/25),4PL,,BLOQ_ND,,,2958.41,6.90%,202.99
3729,3/25/25,BW loss,Restricted,B9 B10,B9 B10,MCP-1,1,3729 (3/25),4PL,,EXT_ND,,,2709.23,5.70%,154.23
3708,2/13/25,Peak obesity,Restricted,C11 C12,C11 C12,MCP-1,1,3708 (2/13),4PL,,EXT_BLOQ,,,2810.12,5.40%,151.81
3718,2/13/25,Peak obesity,Ad libitum,C3 C4,C3 C4,MCP-1,1,3718 (2/13),4PL,71.04,BLOQ,44.04,62.00%,3016.6,7.30%,219.92
3714,2/13/25,Peak obesity,Restricted,C5 C6,C5 C6,MCP-1,1,3714 (2/13),4PL,,EXT_BLOQ,,,2819.28,4.80%,136.02
3719,2/13/25,Peak obesity,Ad libitum,C7 C8,C7 C8,MCP-1,1,3719 (2/13),4PL,113.79,BLOQ,38.56,33.90%,3263.46,8.10%,263.2
3726,2/13/25,Peak obesity,Ad libitum,C9 C10,C9 C10,MCP-1,1,3726 (2/13),4PL,143.26,BLOQ,112.62,78.60%,3582.99,24.70%,883.87
3708,4/1/25,BW loss,Restricted,D11 D12,D11 D12,MCP-1,1,3708 (4/1),4PL,,EXT_BLOQ,,,3151.97,17.70%,558.68
3718,3/25/25,BW loss,Ad libitum,D3 D4,D3 D4,MCP-1,1,3718 (3/25),4PL,97.43,BLOQ,11.59,11.90%,3143.63,2.30%,71.66
3714,4/9/25,BW loss,Restricted,D5 D6,D5 D6,MCP-1,1,3714 (4/9),4PL,68.85,BLOQ,4.47,6.50%,2983.32,0.70%,22.05
3719,3/25/25,BW loss,Ad libitum,D7 D8,D7 D8,MCP-1,1,3719 (3/25),4PL,106.6,BLOQ,9.71,9.10%,3201.63,2.00%,63.64
3726,3/25/25,BW loss,Ad libitum,D9 D10,D9 D10,MCP-1,1,3726 (3/25),4PL,99.8,BLOQ,3.75,3.80%,3157.18,0.70%,23.55
3724,2/18/25,Peak obesity,Restricted,E11 E12,E11 E12,MCP-1,1,3724 (2/18),4PL,,EXT_ND,,,2659.93,6.60%,174.36
3716,2/11/25,Peak obesity,Ad libitum,E3 E4,E3 E4,MCP-1,1,3716 (2/11),4PL,90.35,BLOQ,3.57,4.00%,3099.69,0.70%,21.02
3722,2/13/25,Peak obesity,Restricted,E5 E6,E5 E6,MCP-1,1,3722 (2/13),4PL,,EXT_BLOQ,,,2840.16,3.10%,88.73
3706,2/11/25,Peak obesity,Ad libitum,E7 E8,E7 E8,MCP-1,1,3706 (2/11),4PL,,BLOQ_ND,,,2963.07,8.00%,237.72
3723,2/18/25,Peak obesity,Restricted,E9 E10,E9 E10,MCP-1,1,3723 (2/18),4PL,,EXT_BLOQ,,,2790.97,7.50%,208.36
3724,3/25/25,BW loss,Restricted,F11 F12,F11 F12,MCP-1,1,3724 (3/25),4PL,,EXT,,,2690.95,3.50%,94.08
3716,3/25/25,BW loss,Ad libitum,F3 F4,F3 F4,MCP-1,1,3716 (3/25),4PL,108.28,BLOQ,12.45,11.50%,3213.28,2.60%,82.45
3722,4/1/25,BW loss,Restricted,F5 F6,F5 F6,MCP-1,1,3722 (4/1),4PL,85.49,BLOQ,44.24,51.80%,3092.74,8.10%,249.89
3706,3/25/25,BW loss,Ad libitum,F7 F8,F7 F8,MCP-1,1,3706 (3/25),4PL,48.76,BLOQ,19.11,39.20%,2898.67,2.60%,75.03
3723,3/25/25,BW loss,Restricted,F9 F10,F9 F10,MCP-1,1,3723 (3/25),4PL,74.16,BLOQ,19.34,26.10%,3014.19,3.30%,99.96
3728,2/18/25,Peak obesity,Restricted,G11 G12,G11 G12,MCP-1,1,3728 (2/18),4PL,,EXT_BLOQ,,,2825.03,5.70%,162.35
3713,2/11/25,Peak obesity,Ad libitum,G3 G4,G3 G4,MCP-1,1,3713 (2/11),4PL,,EXT_BLOQ,,,2793.86,5.50%,152.7
3709,2/11/25,Peak obesity,Ad libitum,G5 G6,G5 G6,MCP-1,1,3709 (2/11),4PL,72.33,BLOQ,1.45,2.00%,3000.54,0.20%,7.37
3711,2/11/25,Peak obesity,Ad libitum,G7 G8,G7 G8,MCP-1,1,3711 (2/11),4PL,,EXT_BLOQ,,,2847.21,10.60%,301.39
3707,2/11/25,Peak obesity,Ad libitum,G9 G10,G9 G10,MCP-1,1,3707 (2/11),4PL,72.8,BLOQ,54.13,74.30%,3036.9,9.00%,273.72
3728,3/25/25,BW loss,Restricted,H11 H12,H11 H12,MCP-1,1,3728 (3/25),4PL,,EXT_BLOQ,,,2818,3.70%,103.54
3713,3/25/25,BW loss,Ad libitum,H3 H4,H3 H4,MCP-1,1,3713 (3/25),4PL,96.35,BLOQ,6.29,6.50%,3136.01,1.20%,38.61
3709,3/25/25,BW loss,Ad libitum,H5 H6,H5 H6,MCP-1,1,3709 (3/25),4PL,,BLOQ_ND,,,2953.85,6.30%,186.91
3711,3/25/25,BW loss,Ad libitum,H7 H8,H7 H8,MCP-1,1,3711 (3/25),4PL,68.4,BLOQ,24.67,36.10%,2988.02,4.00%,120.8
3707,3/25/25,BW loss,Ad libitum,H9 H10,H9 H10,MCP-1,1,3707 (3/25),4PL,61.4,BLOQ,12.03,19.60%,2949.45,1.90%,55.01
3725,2/18/25,Peak obesity,Restricted,A11 A12,A11 A12,PP,1,3725 (2/18),4PL,,EXT_BLOQ,,,9833.4,12.80%,1256.7
3721,2/13/25,Peak obesity,Restricted,A5 A6,A5 A6,PP,1,3721 (2/13),4PL,,EXT,,,9556.79,0.80%,72.39
3717,2/11/25,Peak obesity,Ad libitum,A7 A8,A7 A8,PP,1,3717 (2/11),4PL,29.39,BLOQ,16.17,55.00%,10815.63,8.30%,895.55
3729,2/18/25,Peak obesity,Restricted,A9 A10,A9 A10,PP,1,3729 (2/18),4PL,86.7,BLOQ,22.29,25.70%,15596.35,15.20%,2374.76
3725,3/25/25,BW loss,Restricted,B11 B12,B11 B12,PP,1,3725 (3/25),4PL,37.44,BLOQ,29.74,79.40%,11459.57,16.50%,1893.78
3721,4/9/25,BW loss,Restricted,B5 B6,B5 B6,PP,1,3721 (4/9),4PL,15.44,BLOQ,6.24,40.40%,10097.63,2.30%,233.8
3717,3/25/25,BW loss,Ad libitum,B7 B8,B7 B8,PP,1,3717 (3/25),4PL,64.16,BLOQ,7.89,12.30%,13305.8,5.30%,704.82
3729,3/25/25,BW loss,Restricted,B9 B10,B9 B10,PP,1,3729 (3/25),4PL,61.17,BLOQ,6.15,10.10%,13038.18,4.10%,533.9
3708,2/13/25,Peak obesity,Restricted,C11 C12,C11 C12,PP,1,3708 (2/13),4PL,56.33,BLOQ,22.85,40.60%,12734.94,14.80%,1881.17
3718,2/13/25,Peak obesity,Ad libitum,C3 C4,C3 C4,PP,1,3718 (2/13),4PL,33.09,BLOQ,4.07,12.30%,10958.11,2.20%,243.5
3714,2/13/25,Peak obesity,Restricted,C5 C6,C5 C6,PP,1,3714 (2/13),4PL,18.68,BLOQ,3.67,19.70%,10217.35,1.50%,155.1
3719,2/13/25,Peak obesity,Ad libitum,C7 C8,C7 C8,PP,1,3719 (2/13),4PL,49.73,BLOQ,4.79,9.60%,12099.33,3.00%,367.56
3726,2/13/25,Peak obesity,Ad libitum,C9 C10,C9 C10,PP,1,3726 (2/13),4PL,46.83,BLOQ,16.69,35.60%,11941.82,10.30%,1231.05
3708,4/1/25,BW loss,Restricted,D11 D12,D11 D12,PP,1,3708 (4/1),4PL,40.37,BLOQ,30.64,75.90%,11659.17,17.50%,2044.75
3718,3/25/25,BW loss,Ad libitum,D3 D4,D3 D4,PP,1,3718 (3/25),4PL,53.66,BLOQ,30.65,57.10%,12614.44,19.40%,2441.93
3714,4/9/25,BW loss,Restricted,D5 D6,D5 D6,PP,1,3714 (4/9),4PL,61.81,BLOQ,4.98,8.10%,13090.48,3.30%,434.97
3719,3/25/25,BW loss,Ad libitum,D7 D8,D7 D8,PP,1,3719 (3/25),4PL,80.42,,8.51,10.60%,14864.82,5.80%,868.55
3726,3/25/25,BW loss,Ad libitum,D9 D10,D9 D10,PP,1,3726 (3/25),4PL,54.31,BLOQ,5.56,10.20%,12461.73,3.60%,449.71
3724,2/18/25,Peak obesity,Restricted,E11 E12,E11 E12,PP,1,3724 (2/18),4PL,40.27,BLOQ,2.28,5.70%,11412.81,1.30%,153.63
3716,2/11/25,Peak obesity,Ad libitum,E3 E4,E3 E4,PP,1,3716 (2/11),4PL,36.71,BLOQ,1.34,3.70%,11178.04,0.80%,85.66
3722,2/13/25,Peak obesity,Restricted,E5 E6,E5 E6,PP,1,3722 (2/13),4PL,39.25,BLOQ,4.47,11.40%,11348.19,2.60%,296.69
3706,2/11/25,Peak obesity,Ad libitum,E7 E8,E7 E8,PP,1,3706 (2/11),4PL,32.63,BLOQ,1.66,5.10%,10926.96,0.90%,98.49
3723,2/18/25,Peak obesity,Restricted,E9 E10,E9 E10,PP,1,3723 (2/18),4PL,,EXT_BLOQ,,,10201.23,11.10%,1135.09
3724,3/25/25,BW loss,Restricted,F11 F12,F11 F12,PP,1,3724 (3/25),4PL,61.47,BLOQ,11.01,17.90%,13081.23,7.30%,958.17
3716,3/25/25,BW loss,Ad libitum,F3 F4,F3 F4,PP,1,3716 (3/25),4PL,49.99,BLOQ,5.08,10.20%,12119.88,3.20%,390.6
3722,4/1/25,BW loss,Restricted,F5 F6,F5 F6,PP,1,3722 (4/1),4PL,32.6,BLOQ,0.67,2.00%,10924.53,0.40%,39.58
3706,3/25/25,BW loss,Ad libitum,F7 F8,F7 F8,PP,1,3706 (3/25),4PL,58.95,BLOQ,5.99,10.20%,12847.05,4.00%,508.98
3723,3/25/25,BW loss,Restricted,F9 F10,F9 F10,PP,1,3723 (3/25),4PL,31.2,BLOQ,7.9,25.30%,10860.05,4.20%,456.02
3728,2/18/25,Peak obesity,Restricted,G11 G12,G11 G12,PP,1,3728 (2/18),4PL,57.4,BLOQ,22.27,38.80%,12817.17,14.50%,1854.75
3713,2/11/25,Peak obesity,Ad libitum,G3 G4,G3 G4,PP,1,3713 (2/11),4PL,39.34,BLOQ,14.25,36.20%,11400.8,8.30%,945.89
3709,2/11/25,Peak obesity,Ad libitum,G5 G6,G5 G6,PP,1,3709 (2/11),4PL,39.13,BLOQ,14.4,36.80%,11388.31,8.40%,952.7
3711,2/11/25,Peak obesity,Ad libitum,G7 G8,G7 G8,PP,1,3711 (2/11),4PL,40.7,BLOQ,10.19,25.00%,11466.45,6.00%,691.24
3707,2/11/25,Peak obesity,Ad libitum,G9 G10,G9 G10,PP,1,3707 (2/11),4PL,39.34,BLOQ,5.22,13.30%,11355.82,3.10%,347.4
3728,3/25/25,BW loss,Restricted,H11 H12,H11 H12,PP,1,3728 (3/25),4PL,46.05,BLOQ,8.73,19.00%,11836.26,5.40%,638.65
3713,3/25/25,BW loss,Ad libitum,H3 H4,H3 H4,PP,1,3713 (3/25),4PL,41.48,BLOQ,8.22,19.80%,11510.77,4.90%,564.49
3709,3/25/25,BW loss,Ad libitum,H5 H6,H5 H6,PP,1,3709 (3/25),4PL,28.01,BLOQ,10.14,36.20%,10694.1,5.10%,547.46
3711,3/25/25,BW loss,Ad libitum,H7 H8,H7 H8,PP,1,3711 (3/25),4PL,55.63,BLOQ,7.79,14.00%,12575.61,5.10%,638.67
3707,3/25/25,BW loss,Ad libitum,H9 H10,H9 H10,PP,1,3707 (3/25),4PL,43.34,BLOQ,11.18,25.80%,11654.15,6.80%,787.83
3725,2/18/25,Peak obesity,Restricted,A11 A12,A11 A12,PYY,1,3725 (2/18),4PL,67.89,BLOQ,10.64,15.70%,9586.15,14.90%,1430.5
3721,2/13/25,Peak obesity,Restricted,A5 A6,A5 A6,PYY,1,3721 (2/13),4PL,41.95,BLOQ,0.48,1.10%,6717.23,0.60%,39.52
3717,2/11/25,Peak obesity,Ad libitum,A7 A8,A7 A8,PYY,1,3717 (2/11),4PL,39.76,BLOQ,8.16,20.50%,6575.42,9.70%,635.69
3729,2/18/25,Peak obesity,Restricted,A9 A10,A9 A10,PYY,1,3729 (2/18),4PL,106.91,,21.83,20.40%,16506.73,27.90%,4601.13
3725,3/25/25,BW loss,Restricted,B11 B12,B11 B12,PYY,1,3725 (3/25),4PL,85.22,,12.63,14.80%,12237.13,17.40%,2132.04
3721,4/9/25,BW loss,Restricted,B5 B6,B5 B6,PYY,1,3721 (4/9),4PL,59.98,BLOQ,1.89,3.20%,8530.43,2.60%,224.35
3717,3/25/25,BW loss,Ad libitum,B7 B8,B7 B8,PYY,1,3717 (3/25),4PL,94.11,,1.31,1.40%,13737.74,1.80%,244.74
3729,3/25/25,BW loss,Restricted,B9 B10,B9 B10,PYY,1,3729 (3/25),4PL,93.37,,0.86,0.90%,13600.59,1.20%,159.19
3708,2/13/25,Peak obesity,Restricted,C11 C12,C11 C12,PYY,1,3708 (2/13),4PL,120.22,,6.96,5.80%,19277.13,8.50%,1642.66
3718,2/13/25,Peak obesity,Ad libitum,C3 C4,C3 C4,PYY,1,3718 (2/13),4PL,59.63,BLOQ,10.53,17.70%,8542.9,14.50%,1241.04
3714,2/13/25,Peak obesity,Restricted,C5 C6,C5 C6,PYY,1,3714 (2/13),4PL,91.4,,5.11,5.60%,13251.68,7.00%,924.27
3719,2/13/25,Peak obesity,Ad libitum,C7 C8,C7 C8,PYY,1,3719 (2/13),4PL,118.01,,1.26,1.10%,18737.18,1.60%,291.45
3726,2/13/25,Peak obesity,Ad libitum,C9 C10,C9 C10,PYY,1,3726 (2/13),4PL,114.41,,35.63,31.10%,18513.5,43.30%,8010.77
3708,4/1/25,BW loss,Restricted,D11 D12,D11 D12,PYY,1,3708 (4/1),4PL,100.1,,29.52,29.50%,15307.77,38.10%,5834.9
3718,3/25/25,BW loss,Ad libitum,D3 D4,D3 D4,PYY,1,3718 (3/25),4PL,78.26,BLOQ,26.1,33.40%,11368.54,35.60%,4045.02
3714,4/9/25,BW loss,Restricted,D5 D6,D5 D6,PYY,1,3714 (4/9),4PL,139.72,,13.1,9.40%,24286.37,14.70%,3559.18
3719,3/25/25,BW loss,Ad libitum,D7 D8,D7 D8,PYY,1,3719 (3/25),4PL,108.23,,2.31,2.10%,16561.38,3.00%,492.65
3726,3/25/25,BW loss,Ad libitum,D9 D10,D9 D10,PYY,1,3726 (3/25),4PL,119.4,,1.96,1.60%,19062.76,2.40%,459.75
3724,2/18/25,Peak obesity,Restricted,E11 E12,E11 E12,PYY,1,3724 (2/18),4PL,83.99,BLOQ,18.51,22.00%,12121.54,25.40%,3078.79
3716,2/11/25,Peak obesity,Ad libitum,E3 E4,E3 E4,PYY,1,3716 (2/11),4PL,26.29,BLOQ,2.99,11.40%,5679.07,2.70%,152.3
3722,2/13/25,Peak obesity,Restricted,E5 E6,E5 E6,PYY,1,3722 (2/13),4PL,74.54,BLOQ,9.8,13.10%,10515.07,13.80%,1447
3706,2/11/25,Peak obesity,Ad libitum,E7 E8,E7 E8,PYY,1,3706 (2/11),4PL,102.86,,1.68,1.60%,15442.23,2.20%,340.5
3723,2/18/25,Peak obesity,Restricted,E9 E10,E9 E10,PYY,1,3723 (2/18),4PL,76.28,,1.34,1.80%,10728.89,1.90%,201.87
3724,3/25/25,BW loss,Restricted,F11 F12,F11 F12,PYY,1,3724 (3/25),4PL,128.27,,18.93,14.80%,21380.8,22.20%,4748.26
3716,3/25/25,BW loss,Ad libitum,F3 F4,F3 F4,PYY,1,3716 (3/25),4PL,98.34,,12.85,13.10%,14621.04,17.10%,2498.56
3722,4/1/25,BW loss,Restricted,F5 F6,F5 F6,PYY,1,3722 (4/1),4PL,101.33,,1.19,1.20%,15131.64,1.60%,239.2
3706,3/25/25,BW loss,Ad libitum,F7 F8,F7 F8,PYY,1,3706 (3/25),4PL,85.03,,8.79,10.30%,12164.31,12.20%,1481.38
3723,3/25/25,BW loss,Restricted,F9 F10,F9 F10,PYY,1,3723 (3/25),4PL,68.73,BLOQ,9.2,13.40%,9685.02,12.90%,1251.48
3728,2/18/25,Peak obesity,Restricted,G11 G12,G11 G12,PYY,1,3728 (2/18),4PL,64.23,BLOQ,5.05,7.90%,9063.47,7.10%,641.72
3713,2/11/25,Peak obesity,Ad libitum,G3 G4,G3 G4,PYY,1,3713 (2/11),4PL,79.36,BLOQ,24.86,31.30%,11508.66,34.00%,3907.84
3709,2/11/25,Peak obesity,Ad libitum,G5 G6,G5 G6,PYY,1,3709 (2/11),4PL,110.73,,21.65,19.60%,17321.39,27.30%,4721.54
3711,2/11/25,Peak obesity,Ad libitum,G7 G8,G7 G8,PYY,1,3711 (2/11),4PL,56.73,BLOQ,7.02,12.40%,8179.34,9.60%,786.3
3707,2/11/25,Peak obesity,Ad libitum,G9 G10,G9 G10,PYY,1,3707 (2/11),4PL,87.09,,17.88,20.50%,12634.03,24.40%,3083.6
3728,3/25/25,BW loss,Restricted,H11 H12,H11 H12,PYY,1,3728 (3/25),4PL,79.85,,3.47,4.30%,11286.05,4.90%,548.75
3713,3/25/25,BW loss,Ad libitum,H3 H4,H3 H4,PYY,1,3713 (3/25),4PL,101.98,,14.95,14.70%,15370.71,19.60%,3010.88
3709,3/25/25,BW loss,Ad libitum,H5 H6,H5 H6,PYY,1,3709 (3/25),4PL,112.24,,6.5,5.80%,17450.32,8.20%,1436
3711,3/25/25,BW loss,Ad libitum,H7 H8,H7 H8,PYY,1,3711 (3/25),4PL,91.38,,2.98,3.30%,13239.3,4.10%,538.63
3707,3/25/25,BW loss,Ad libitum,H9 H10,H9 H10,PYY,1,3707 (3/25),4PL,126.23,,17.2,13.60%,20844.04,20.40%,4250.9
3725,2/18/25,Peak obesity,Restricted,A11 A12,A11 A12,Resistin,1,3725 (2/18),4PL,7230.62,,983.95,13.60%,243628.23,11.30%,27483.06
3721,2/13/25,Peak obesity,Restricted,A5 A6,A5 A6,Resistin,1,3721 (2/13),4PL,10364.25,,384.81,3.70%,326780.95,3.00%,9651.19
3717,2/11/25,Peak obesity,Ad libitum,A7 A8,A7 A8,Resistin,1,3717 (2/11),4PL,2655.48,,755.29,28.40%,105115.77,23.50%,24746.63
3729,2/18/25,Peak obesity,Restricted,A9 A10,A9 A10,Resistin,1,3729 (2/18),4PL,8827.96,,566.17,6.40%,287187.89,5.20%,14962.31
3725,3/25/25,BW loss,Restricted,B11 B12,B11 B12,Resistin,1,3725 (3/25),4PL,17680.49,,3705.15,21.00%,487911.56,15.10%,73551.48
3721,4/9/25,BW loss,Restricted,B5 B6,B5 B6,Resistin,1,3721 (4/9),4PL,11232.22,,1837.74,16.40%,347579.92,12.90%,44786.57
3717,3/25/25,BW loss,Ad libitum,B7 B8,B7 B8,Resistin,1,3717 (3/25),4PL,14116.4,,1433.71,10.20%,414923.11,7.70%,31785.49
3729,3/25/25,BW loss,Restricted,B9 B10,B9 B10,Resistin,1,3729 (3/25),4PL,13855.53,,42.71,0.30%,409482.33,0.20%,954.62
3708,2/13/25,Peak obesity,Restricted,C11 C12,C11 C12,Resistin,1,3708 (2/13),4PL,17848.1,,2626.36,14.70%,492271.09,10.50%,51829.56
3718,2/13/25,Peak obesity,Ad libitum,C3 C4,C3 C4,Resistin,1,3718 (2/13),4PL,8542.99,,3661.87,42.90%,276610.42,35.40%,97889.5
3714,2/13/25,Peak obesity,Restricted,C5 C6,C5 C6,Resistin,1,3714 (2/13),4PL,24222.19,,3313.44,13.70%,606559.16,8.90%,54273.41
3719,2/13/25,Peak obesity,Ad libitum,C7 C8,C7 C8,Resistin,1,3719 (2/13),4PL,13164.19,,1626.8,12.40%,393364.06,9.50%,37196.78
3726,2/13/25,Peak obesity,Ad libitum,C9 C10,C9 C10,Resistin,1,3726 (2/13),4PL,11545.67,,3139.3,27.20%,353886.81,21.40%,75774.27
3708,4/1/25,BW loss,Restricted,D11 D12,D11 D12,Resistin,1,3708 (4/1),4PL,9377.6,,4192.12,44.70%,297757.47,36.60%,108962.5
3718,3/25/25,BW loss,Ad libitum,D3 D4,D3 D4,Resistin,1,3718 (3/25),4PL,11757.48,,3359.55,28.60%,358709.67,22.50%,80536.79
3714,4/9/25,BW loss,Restricted,D5 D6,D5 D6,Resistin,1,3714 (4/9),4PL,11164.22,,272.2,2.40%,346592.86,1.90%,6645.85
3719,3/25/25,BW loss,Ad libitum,D7 D8,D7 D8,Resistin,1,3719 (3/25),4PL,15158.29,,6590.05,43.50%,430596.19,33.00%,142024.16
3726,3/25/25,BW loss,Ad libitum,D9 D10,D9 D10,Resistin,1,3726 (3/25),4PL,17035.1,,1813.76,10.60%,476563.72,7.70%,36683.82
3724,2/18/25,Peak obesity,Restricted,E11 E12,E11 E12,Resistin,1,3724 (2/18),4PL,7940.6,,404.61,5.10%,263410.7,4.20%,11024.89
3716,2/11/25,Peak obesity,Ad libitum,E3 E4,E3 E4,Resistin,1,3716 (2/11),4PL,10504.27,,4512.91,43.00%,326029.9,34.60%,112944.67
3722,2/13/25,Peak obesity,Restricted,E5 E6,E5 E6,Resistin,1,3722 (2/13),4PL,6597.47,,3450.75,52.30%,223008.8,44.20%,98669.53
3706,2/11/25,Peak obesity,Ad libitum,E7 E8,E7 E8,Resistin,1,3706 (2/11),4PL,9430.59,,5895.17,62.50%,295337.04,51.90%,153287.13
3723,2/18/25,Peak obesity,Restricted,E9 E10,E9 E10,Resistin,1,3723 (2/18),4PL,9380.46,,127.24,1.40%,301720.22,1.10%,3299.45
3724,3/25/25,BW loss,Restricted,F11 F12,F11 F12,Resistin,1,3724 (3/25),4PL,14233.15,,5330.07,37.40%,412827.44,28.60%,118103.85
3716,3/25/25,BW loss,Ad libitum,F3 F4,F3 F4,Resistin,1,3716 (3/25),4PL,13933.68,,5822.42,41.80%,405122.08,32.20%,130351.18
3722,4/1/25,BW loss,Restricted,F5 F6,F5 F6,Resistin,1,3722 (4/1),4PL,11632.21,,2424.74,20.80%,356771.92,16.30%,58329.13
3706,3/25/25,BW loss,Ad libitum,F7 F8,F7 F8,Resistin,1,3706 (3/25),4PL,12468.02,,3195.75,25.60%,375798.98,19.90%,74824.07
3723,3/25/25,BW loss,Restricted,F9 F10,F9 F10,Resistin,1,3723 (3/25),4PL,7809.04,,1079.26,13.80%,259579.97,11.40%,29545.75
3728,2/18/25,Peak obesity,Restricted,G11 G12,G11 G12,Resistin,1,3728 (2/18),4PL,17183.41,,4926.95,28.70%,476295.75,20.90%,99431.5
3713,2/11/25,Peak obesity,Ad libitum,G3 G4,G3 G4,Resistin,1,3713 (2/11),4PL,9572.79,,6464.82,67.50%,297507.58,56.30%,167436.5
3709,2/11/25,Peak obesity,Ad libitum,G5 G6,G5 G6,Resistin,1,3709 (2/11),4PL,13296.06,,5257.75,39.50%,391741.77,30.70%,120075.06
3711,2/11/25,Peak obesity,Ad libitum,G7 G8,G7 G8,Resistin,1,3711 (2/11),4PL,11428.28,,973.4,8.50%,352836.05,6.70%,23560.29
3707,2/11/25,Peak obesity,Ad libitum,G9 G10,G9 G10,Resistin,1,3707 (2/11),4PL,12352.92,,345.08,2.80%,375041.75,2.20%,8100
3728,3/25/25,BW loss,Restricted,H11 H12,H11 H12,Resistin,1,3728 (3/25),4PL,9840.79,,1521.08,15.50%,313066.17,12.40%,38841.35
3713,3/25/25,BW loss,Ad libitum,H3 H4,H3 H4,Resistin,1,3713 (3/25),4PL,15883.55,,841.58,5.30%,453258.02,3.90%,17637.03
3709,3/25/25,BW loss,Ad libitum,H5 H6,H5 H6,Resistin,1,3709 (3/25),4PL,19083.34,,6965.02,36.50%,510264.44,26.10%,133002.1
3711,3/25/25,BW loss,Ad libitum,H7 H8,H7 H8,Resistin,1,3711 (3/25),4PL,15313.81,,164.14,1.10%,441323.28,0.80%,3501.95
3707,3/25/25,BW loss,Ad libitum,H9 H10,H9 H10,Resistin,1,3707 (3/25),4PL,20200.16,,4647.66,23.00%,535138.88,16.00%,85587.14
3725,2/18/25,Peak obesity,Restricted,A11 A12,A11 A12,Secretin,1,3725 (2/18),4PL,9.27,BLOQ,6.29,67.80%,4882.6,21.50%,1047.35
3721,2/13/25,Peak obesity,Restricted,A5 A6,A5 A6,Secretin,1,3721 (2/13),4PL,5.84,BLOQ,0.43,7.40%,4291.88,1.50%,64.47
3717,2/11/25,Peak obesity,Ad libitum,A7 A8,A7 A8,Secretin,1,3717 (2/11),4PL,7.86,BLOQ,0.38,4.90%,4605.35,1.30%,61.73
3729,2/18/25,Peak obesity,Restricted,A9 A10,A9 A10,Secretin,1,3729 (2/18),4PL,23.53,,1.61,6.90%,7576.91,4.50%,339.58
3725,3/25/25,BW loss,Restricted,B11 B12,B11 B12,Secretin,1,3725 (3/25),4PL,32.21,,10.27,31.90%,9512.68,24.40%,2316.76
3721,4/9/25,BW loss,Restricted,B5 B6,B5 B6,Secretin,1,3721 (4/9),4PL,8.61,BLOQ,0.04,0.40%,4727.89,0.10%,5.77
3717,3/25/25,BW loss,Ad libitum,B7 B8,B7 B8,Secretin,1,3717 (3/25),4PL,17.54,,0.57,3.20%,6353.37,1.80%,111.48
3729,3/25/25,BW loss,Restricted,B9 B10,B9 B10,Secretin,1,3729 (3/25),4PL,20.81,,1.85,8.90%,7012.41,5.40%,379.37
3708,2/13/25,Peak obesity,Restricted,C11 C12,C11 C12,Secretin,1,3708 (2/13),4PL,11.48,BLOQ,5.46,47.60%,5247.02,18.30%,962.74
3718,2/13/25,Peak obesity,Ad libitum,C3 C4,C3 C4,Secretin,1,3718 (2/13),4PL,10.33,BLOQ,0.82,7.90%,5018.54,2.80%,140.68
3714,2/13/25,Peak obesity,Restricted,C5 C6,C5 C6,Secretin,1,3714 (2/13),4PL,11.37,,0.24,2.10%,5199.54,0.80%,42.47
3719,2/13/25,Peak obesity,Ad libitum,C7 C8,C7 C8,Secretin,1,3719 (2/13),4PL,24.01,,2,8.30%,7677.52,5.50%,422.21
3726,2/13/25,Peak obesity,Ad libitum,C9 C10,C9 C10,Secretin,1,3726 (2/13),4PL,17.65,,5.25,29.80%,6393.28,16.10%,1031.07
3708,4/1/25,BW loss,Restricted,D11 D12,D11 D12,Secretin,1,3708 (4/1),4PL,16.11,BLOQ,9.26,57.50%,6138.9,28.80%,1770.6
3718,3/25/25,BW loss,Ad libitum,D3 D4,D3 D4,Secretin,1,3718 (3/25),4PL,14,BLOQ,5.11,36.50%,5698.04,16.60%,947.78
3714,4/9/25,BW loss,Restricted,D5 D6,D5 D6,Secretin,1,3714 (4/9),4PL,33.39,,0.95,2.80%,9741.72,2.20%,215.62
3719,3/25/25,BW loss,Ad libitum,D7 D8,D7 D8,Secretin,1,3719 (3/25),4PL,18.43,,5.46,29.60%,6549.3,16.60%,1084.33
3726,3/25/25,BW loss,Ad libitum,D9 D10,D9 D10,Secretin,1,3726 (3/25),4PL,16.23,,1.18,7.20%,6100.14,3.70%,226.67
3724,2/18/25,Peak obesity,Restricted,E11 E12,E11 E12,Secretin,1,3724 (2/18),4PL,15.36,,0.25,1.60%,5931.83,0.80%,47.03
3716,2/11/25,Peak obesity,Ad libitum,E3 E4,E3 E4,Secretin,1,3716 (2/11),4PL,8.6,BLOQ,0.02,0.20%,4725.55,0.10%,2.92
3722,2/13/25,Peak obesity,Restricted,E5 E6,E5 E6,Secretin,1,3722 (2/13),4PL,8.55,BLOQ,3.05,35.70%,4728.3,10.60%,501.24
3706,2/11/25,Peak obesity,Ad libitum,E7 E8,E7 E8,Secretin,1,3706 (2/11),4PL,18.99,,1.37,7.20%,6642.68,4.10%,273.47
3723,2/18/25,Peak obesity,Restricted,E9 E10,E9 E10,Secretin,1,3723 (2/18),4PL,12.99,,0.17,1.30%,5490.58,0.60%,31.25
3724,3/25/25,BW loss,Restricted,F11 F12,F11 F12,Secretin,1,3724 (3/25),4PL,50.93,,4.38,8.60%,13936.24,7.80%,1089.9
3716,3/25/25,BW loss,Ad libitum,F3 F4,F3 F4,Secretin,1,3716 (3/25),4PL,15.54,,0.12,0.80%,5966.17,0.40%,22.48
3722,4/1/25,BW loss,Restricted,F5 F6,F5 F6,Secretin,1,3722 (4/1),4PL,25.95,,3.13,12.10%,8094.89,8.30%,673.28
3706,3/25/25,BW loss,Ad libitum,F7 F8,F7 F8,Secretin,1,3706 (3/25),4PL,17.64,,1.36,7.70%,6375.02,4.20%,267.84
3723,3/25/25,BW loss,Restricted,F9 F10,F9 F10,Secretin,1,3723 (3/25),4PL,12.41,,1.72,13.90%,5388.01,5.80%,310.58
3728,2/18/25,Peak obesity,Restricted,G11 G12,G11 G12,Secretin,1,3728 (2/18),4PL,11.4,BLOQ,3.95,34.70%,5219.06,13.40%,697.24
3713,2/11/25,Peak obesity,Ad libitum,G3 G4,G3 G4,Secretin,1,3713 (2/11),4PL,11.5,BLOQ,2.95,25.70%,5229.96,10.00%,522.2
3709,2/11/25,Peak obesity,Ad libitum,G5 G6,G5 G6,Secretin,1,3709 (2/11),4PL,14.76,,3.41,23.10%,5828.83,11.00%,642.31
3711,2/11/25,Peak obesity,Ad libitum,G7 G8,G7 G8,Secretin,1,3711 (2/11),4PL,11.87,BLOQ,1.7,14.40%,5291.32,5.70%,304.15
3707,2/11/25,Peak obesity,Ad libitum,G9 G10,G9 G10,Secretin,1,3707 (2/11),4PL,12.91,,1.66,12.90%,5477.74,5.50%,302.52
3728,3/25/25,BW loss,Restricted,H11 H12,H11 H12,Secretin,1,3728 (3/25),4PL,22.53,,1.79,8.00%,7367.77,5.10%,373.66
3713,3/25/25,BW loss,Ad libitum,H3 H4,H3 H4,Secretin,1,3713 (3/25),4PL,11.2,,0.29,2.60%,5170.07,1.00%,51.42
3709,3/25/25,BW loss,Ad libitum,H5 H6,H5 H6,Secretin,1,3709 (3/25),4PL,12.37,,0.55,4.40%,5377.87,1.80%,98.39
3711,3/25/25,BW loss,Ad libitum,H7 H8,H7 H8,Secretin,1,3711 (3/25),4PL,16.36,,2.54,15.60%,6128.39,8.00%,491.29
3707,3/25/25,BW loss,Ad libitum,H9 H10,H9 H10,Secretin,1,3707 (3/25),4PL,14.62,,4.07,27.90%,5806.17,13.20%,764.74
3725,2/18/25,Peak obesity,Restricted,A11 A12,A11 A12,TNFa,1,3725 (2/18),4PL,6.77,,1.09,16.20%,9405.09,9.10%,856.91
3721,2/13/25,Peak obesity,Restricted,A5 A6,A5 A6,TNFa,1,3721 (2/13),4PL,6.79,,0.38,5.70%,9420.21,3.20%,300.86
3717,2/11/25,Peak obesity,Ad libitum,A7 A8,A7 A8,TNFa,1,3717 (2/11),4PL,2.72,BLOQ,0.29,10.70%,6289.93,3.50%,219.6
3729,2/18/25,Peak obesity,Restricted,A9 A10,A9 A10,TNFa,1,3729 (2/18),4PL,2.38,BLOQ,0.43,18.20%,6030.85,5.40%,323.54
3725,3/25/25,BW loss,Restricted,B11 B12,B11 B12,TNFa,1,3725 (3/25),4PL,11.13,,2.84,25.50%,12867.91,17.60%,2269.29
3721,4/9/25,BW loss,Restricted,B5 B6,B5 B6,TNFa,1,3721 (4/9),4PL,2.65,BLOQ,0.6,22.80%,6232.36,7.30%,452.44
3717,3/25/25,BW loss,Ad libitum,B7 B8,B7 B8,TNFa,1,3717 (3/25),4PL,4.38,BLOQ,1.43,32.70%,7553.68,14.60%,1099.58
3729,3/25/25,BW loss,Restricted,B9 B10,B9 B10,TNFa,1,3729 (3/25),4PL,2.78,BLOQ,0.69,24.90%,6332.42,8.20%,520.65
3708,2/13/25,Peak obesity,Restricted,C11 C12,C11 C12,TNFa,1,3708 (2/13),4PL,7.21,,0.11,1.50%,9752.83,0.90%,87.16
3718,2/13/25,Peak obesity,Ad libitum,C3 C4,C3 C4,TNFa,1,3718 (2/13),4PL,2.59,BLOQ,0.05,1.90%,6188.68,0.60%,37.31
3714,2/13/25,Peak obesity,Restricted,C5 C6,C5 C6,TNFa,1,3714 (2/13),4PL,6.02,,0.85,14.10%,8817.95,7.50%,661.02
3719,2/13/25,Peak obesity,Ad libitum,C7 C8,C7 C8,TNFa,1,3719 (2/13),4PL,7.13,,2.13,29.90%,9694.76,17.30%,1673.07
3726,2/13/25,Peak obesity,Ad libitum,C9 C10,C9 C10,TNFa,1,3726 (2/13),4PL,7.67,,2.89,37.70%,10119.49,22.50%,2273.73
3708,4/1/25,BW loss,Restricted,D11 D12,D11 D12,TNFa,1,3708 (4/1),4PL,2.98,BLOQ,1.15,38.80%,6482.88,13.40%,869.52
3718,3/25/25,BW loss,Ad libitum,D3 D4,D3 D4,TNFa,1,3718 (3/25),4PL,5.14,BLOQ,2.12,41.30%,8142.75,20.20%,1641.39
3714,4/9/25,BW loss,Restricted,D5 D6,D5 D6,TNFa,1,3714 (4/9),4PL,4.44,BLOQ,1.48,33.40%,7600.79,15.00%,1138.18
3719,3/25/25,BW loss,Ad libitum,D7 D8,D7 D8,TNFa,1,3719 (3/25),4PL,8.45,,0.73,8.60%,10726.96,5.40%,575.7
3726,3/25/25,BW loss,Ad libitum,D9 D10,D9 D10,TNFa,1,3726 (3/25),4PL,5.89,,0.03,0.50%,8719.85,0.30%,24.38
3724,2/18/25,Peak obesity,Restricted,E11 E12,E11 E12,TNFa,1,3724 (2/18),4PL,4.03,BLOQ,1.97,48.80%,7289.67,20.60%,1504.97
3716,2/11/25,Peak obesity,Ad libitum,E3 E4,E3 E4,TNFa,1,3716 (2/11),4PL,4.87,BLOQ,2,41.10%,7932.15,19.50%,1544.91
3722,2/13/25,Peak obesity,Restricted,E5 E6,E5 E6,TNFa,1,3722 (2/13),4PL,2,BLOQ,1.31,65.40%,5755.14,16.80%,964.58
3706,2/11/25,Peak obesity,Ad libitum,E7 E8,E7 E8,TNFa,1,3706 (2/11),4PL,,EXT,,,4268.09,0.00%,0.89
3723,2/18/25,Peak obesity,Restricted,E9 E10,E9 E10,TNFa,1,3723 (2/18),4PL,3.19,BLOQ,0.47,14.60%,6643.19,5.30%,352.29
3724,3/25/25,BW loss,Restricted,F11 F12,F11 F12,TNFa,1,3724 (3/25),4PL,7.5,,0.93,12.40%,9977.56,7.30%,730.66
3716,3/25/25,BW loss,Ad libitum,F3 F4,F3 F4,TNFa,1,3716 (3/25),4PL,5.6,,1.62,28.80%,8496.15,14.80%,1254.4
3722,4/1/25,BW loss,Restricted,F5 F6,F5 F6,TNFa,1,3722 (4/1),4PL,1.93,BLOQ,0.47,24.20%,5697.42,6.00%,344.29
3706,3/25/25,BW loss,Ad libitum,F7 F8,F7 F8,TNFa,1,3706 (3/25),4PL,,EXT,,,4285.8,0.70%,30.54
3723,3/25/25,BW loss,Restricted,F9 F10,F9 F10,TNFa,1,3723 (3/25),4PL,3.22,BLOQ,0.85,26.60%,6663.19,9.70%,646.54
3728,2/18/25,Peak obesity,Restricted,G11 G12,G11 G12,TNFa,1,3728 (2/18),4PL,4.5,BLOQ,0.94,20.90%,7646.14,9.50%,722.82
3713,2/11/25,Peak obesity,Ad libitum,G3 G4,G3 G4,TNFa,1,3713 (2/11),4PL,3.36,BLOQ,1.99,59.30%,6777.96,22.20%,1506.6
3709,2/11/25,Peak obesity,Ad libitum,G5 G6,G5 G6,TNFa,1,3709 (2/11),4PL,5.08,,0.46,9.00%,8091.03,4.40%,354.73
3711,2/11/25,Peak obesity,Ad libitum,G7 G8,G7 G8,TNFa,1,3711 (2/11),4PL,4.18,BLOQ,0.89,21.30%,7396.84,9.20%,681.47
3707,2/11/25,Peak obesity,Ad libitum,G9 G10,G9 G10,TNFa,1,3707 (2/11),4PL,4.06,BLOQ,0.96,23.60%,7308.54,10.10%,734.67
3728,3/25/25,BW loss,Restricted,H11 H12,H11 H12,TNFa,1,3728 (3/25),4PL,8.08,,1.82,22.50%,10434.82,13.80%,1437.21
3713,3/25/25,BW loss,Ad libitum,H3 H4,H3 H4,TNFa,1,3713 (3/25),4PL,4.78,BLOQ,1.19,24.90%,7859.21,11.70%,918.24
3709,3/25/25,BW loss,Ad libitum,H5 H6,H5 H6,TNFa,1,3709 (3/25),4PL,5.76,,0.95,16.50%,8619.54,8.60%,741.33
3711,3/25/25,BW loss,Ad libitum,H7 H8,H7 H8,TNFa,1,3711 (3/25),4PL,2.66,BLOQ,0.92,34.70%,6246.75,11.10%,692.63
3707,3/25/25,BW loss,Ad libitum,H9 H10,H9 H10,TNFa,1,3707 (3/25),4PL,6.32,,1.21,19.20%,9054.33,10.50%,948.21